Workbook

Sheet กู้
A3: {=SUM(IF(ISNUMBER(Sheet!C2:C21),Sheet!C2:C21,""))} -> 0 | B3: 1 | C3: =MID(Sheet!$A2,7,9) | D3: 11 | E3: =MID(Sheet!$A12,7,9) | F3: {=SUM(IF(ISNUMBER(Sheet!C82:C101),Sheet!C82:C101,""))} -> 0 | G3: 1 | H3: =MID(Sheet!$A82,7,9) | I3: 11 | J3: =MID(Sheet!$A92,7,9)
B4: 2 | C4: =MID(Sheet!A3,7,9) | D4: 12 | E4: =MID(Sheet!$A13,7,9) | G4: 2 | H4: =MID(Sheet!$A83,7,9) | I4: 12 | J4: =MID(Sheet!$A93,7,9)
B5: 3 | C5: =MID(Sheet!A4,7,9) | D5: 13 | E5: =MID(Sheet!$A14,7,9) | G5: 3 | H5: =MID(Sheet!$A84,7,9) | I5: 13 | J5: =MID(Sheet!$A94,7,9)
B6: 4 | C6: =MID(Sheet!A5,7,9) | D6: 14 | E6: =MID(Sheet!$A15,7,9) | G6: 4 | H6: =MID(Sheet!$A85,7,9) | I6: 14 | J6: =MID(Sheet!$A95,7,9)
B7: 5 | C7: =MID(Sheet!A6,7,9) | D7: 15 | E7: =MID(Sheet!$A16,7,9) | G7: 5 | H7: =MID(Sheet!$A86,7,9) | I7: 15 | J7: =MID(Sheet!$A96,7,9)
B8: 6 | C8: =MID(Sheet!A7,7,9) | D8: 16 | E8: =MID(Sheet!$A17,7,9) | G8: 6 | H8: =MID(Sheet!$A87,7,9) | I8: 16 | J8: =MID(Sheet!$A97,7,9)
B9: 7 | C9: =MID(Sheet!A8,7,9) | D9: 17 | E9: =MID(Sheet!$A18,7,9) | G9: 7 | H9: =MID(Sheet!$A88,7,9) | I9: 17 | J9: =MID(Sheet!$A98,7,9)
B10: 8 | C10: =MID(Sheet!A9,7,9) | D10: 18 | E10: =MID(Sheet!$A19,7,9) | G10: 8 | H10: =MID(Sheet!$A89,7,9) | I10: 18 | J10: =MID(Sheet!$A99,7,9)
B11: 9 | C11: =MID(Sheet!A10,7,9) | D11: 19 | E11: =MID(Sheet!$A20,7,9) | G11: 9 | H11: =MID(Sheet!$A90,7,9) | I11: 19 | J11: =MID(Sheet!$A100,7,9)
B12: 10 | C12: =MID(Sheet!A11,7,9) | D12: 20 | E12: =MID(Sheet!$A21,7,9) | G12: 10 | H12: =MID(Sheet!$A91,7,9) | I12: 20 | J12: =MID(Sheet!$A101,7,9)
B13: 2103 มาโนช สมิทธ์พงศ์ธาดา | E13: =COUNTA(Sheet!$A2:$A21) -> 0 | G13: 2103 มาโนช สมิทธ์พงศ์ธาดา | J13: =COUNTA(Sheet!$A82:$A101) -> 0
A17: {=SUM(IF(ISNUMBER(Sheet!C22:C41),Sheet!C22:C41,""))} -> 0 | B17: 1 | C17: =MID(Sheet!$A22,7,9) | D17: 11 | E17: =MID(Sheet!$A32,7,9) | F17: {=SUM(IF(ISNUMBER(Sheet!C102:C121),Sheet!C102:C121,""))} -> 0 | G17: 1 | H17: =MID(Sheet!$A102,7,9) | I17: 11 | J17: =MID(Sheet!$A112,7,9)
B18: 2 | C18: =MID(Sheet!$A23,7,9) | D18: 12 | E18: =MID(Sheet!$A33,7,9) | G18: 2 | H18: =MID(Sheet!$A103,7,9) | I18: 12 | J18: =MID(Sheet!$A113,7,9)
B19: 3 | C19: =MID(Sheet!$A24,7,9) | D19: 13 | E19: =MID(Sheet!$A34,7,9) | G19: 3 | H19: =MID(Sheet!$A104,7,9) | I19: 13 | J19: =MID(Sheet!$A114,7,9)
B20: 4 | C20: =MID(Sheet!$A25,7,9) | D20: 14 | E20: =MID(Sheet!$A35,7,9) | G20: 4 | H20: =MID(Sheet!$A105,7,9) | I20: 14 | J20: =MID(Sheet!$A115,7,9)
B21: 5 | C21: =MID(Sheet!$A26,7,9) | D21: 15 | E21: =MID(Sheet!$A36,7,9) | G21: 5 | H21: =MID(Sheet!$A106,7,9) | I21: 15 | J21: =MID(Sheet!$A116,7,9)
B22: 6 | C22: =MID(Sheet!$A27,7,9) | D22: 16 | E22: =MID(Sheet!$A37,7,9) | G22: 6 | H22: =MID(Sheet!$A107,7,9) | I22: 16 | J22: =MID(Sheet!$A117,7,9)
B23: 7 | C23: =MID(Sheet!$A28,7,9) | D23: 17 | E23: =MID(Sheet!$A38,7,9) | G23: 7 | H23: =MID(Sheet!$A108,7,9) | I23: 17 | J23: =MID(Sheet!$A118,7,9)
B24: 8 | C24: =MID(Sheet!$A29,7,9) | D24: 18 | E24: =MID(Sheet!$A39,7,9) | G24: 8 | H24: =MID(Sheet!$A109,7,9) | I24: 18 | J24: =MID(Sheet!$A119,7,9)
B25: 9 | C25: =MID(Sheet!$A30,7,9) | D25: 19 | E25: =MID(Sheet!$A40,7,9) | G25: 9 | H25: =MID(Sheet!$A110,7,9) | I25: 19 | J25: =MID(Sheet!$A120,7,9)
B26: 10 | C26: =MID(Sheet!$A31,7,9) | D26: 20 | E26: =MID(Sheet!$A41,7,9) | G26: 10 | H26: =MID(Sheet!$A111,7,9) | I26: 20 | J26: =MID(Sheet!$A121,7,9)
B27: 2103 มาโนช สมิทธ์พงศ์ธาดา | E27: =COUNTA(Sheet!A22:A41) -> 0 | G27: 2103 มาโนช สมิทธ์พงศ์ธาดา | J27: =COUNTA(Sheet!$A102:$A121) -> 0
A31: {=SUM(IF(ISNUMBER(Sheet!C42:C61),Sheet!C42:C61,""))} -> 0 | B31: 1 | C31: =MID(Sheet!$A42,7,9) | D31: 11 | E31: =MID(Sheet!$A52,7,9) | F31: {=SUM(IF(ISNUMBER(Sheet!C122:C141),Sheet!C122:C141,""))} -> 0 | G31: 1 | H31: =MID(Sheet!$A122,7,9) | I31: 11 | J31: =MID(Sheet!$A132,7,9)
B32: 2 | C32: =MID(Sheet!$A43,7,9) | D32: 12 | E32: =MID(Sheet!$A53,7,9) | G32: 2 | H32: =MID(Sheet!$A123,7,9) | I32: 12 | J32: =MID(Sheet!$A133,7,9)
B33: 3 | C33: =MID(Sheet!$A44,7,9) | D33: 13 | E33: =MID(Sheet!$A54,7,9) | G33: 3 | H33: =MID(Sheet!$A124,7,9) | I33: 13 | J33: =MID(Sheet!$A134,7,9)
B34: 4 | C34: =MID(Sheet!$A45,7,9) | D34: 14 | E34: =MID(Sheet!$A55,7,9) | G34: 4 | H34: =MID(Sheet!$A125,7,9) | I34: 14 | J34: =MID(Sheet!$A135,7,9)
B35: 5 | C35: =MID(Sheet!$A46,7,9) | D35: 15 | E35: =MID(Sheet!$A56,7,9) | G35: 5 | H35: =MID(Sheet!$A126,7,9) | I35: 15 | J35: =MID(Sheet!$A136,7,9)
B36: 6 | C36: =MID(Sheet!$A47,7,9) | D36: 16 | E36: =MID(Sheet!$A57,7,9) | G36: 6 | H36: =MID(Sheet!$A127,7,9) | I36: 16 | J36: =MID(Sheet!$A137,7,9)
B37: 7 | C37: =MID(Sheet!$A48,7,9) | D37: 17 | E37: =MID(Sheet!$A58,7,9) | G37: 7 | H37: =MID(Sheet!$A128,7,9) | I37: 17 | J37: =MID(Sheet!$A138,7,9)
B38: 8 | C38: =MID(Sheet!$A49,7,9) | D38: 18 | E38: =MID(Sheet!$A59,7,9) | G38: 8 | H38: =MID(Sheet!$A129,7,9) | I38: 18 | J38: =MID(Sheet!$A139,7,9)
B39: p | C39: =MID(Sheet!$A50,7,9) | D39: 19 | E39: =MID(Sheet!$A60,7,9) | G39: 9 | H39: =MID(Sheet!$A130,7,9) | I39: 19 | J39: =MID(Sheet!$A140,7,9)
B40: 10 | C40: =MID(Sheet!$A51,7,9) | D40: 20 | E40: =MID(Sheet!$A61,7,9) | G40: 10 | H40: =MID(Sheet!$A131,7,9) | I40: 20 | J40: =MID(Sheet!$A141,7,9)
B41: 2103 มาโนช สมิทธ์พงศ์ธาดา | E41: =COUNTA(Sheet!A42:A61) -> 0 | G41: 2103 มาโนช สมิทธ์พงศ์ธาดา | J41: =COUNTA(Sheet!$A122:$A141) -> 0
A45: {=SUM(IF(ISNUMBER(Sheet!C62:C81),Sheet!C62:C81,""))} -> 0 | B45: 1 | C45: =MID(Sheet!$A62,7,9) | D45: 11 | E45: =MID(Sheet!$A72,7,9) | F45: {=SUM(IF(ISNUMBER(Sheet!C142:C161),Sheet!C142:C161,""))} -> 0 | G45: 1 | H45: =MID(Sheet!$A142,7,9) | I45: 11 | J45: =MID(Sheet!$A152,7,9)
B46: 2 | C46: =MID(Sheet!$A63,7,9) | D46: 12 | E46: =MID(Sheet!$A73,7,9) | G46: 2 | H46: =MID(Sheet!$A143,7,9) | I46: 12 | J46: =MID(Sheet!$A153,7,9)
B47: 3 | C47: =MID(Sheet!$A64,7,9) | D47: 13 | E47: =MID(Sheet!$A74,7,9) | G47: 3 | H47: =MID(Sheet!$A144,7,9) | I47: 13 | J47: =MID(Sheet!$A154,7,9)
B48: 4 | C48: =MID(Sheet!$A65,7,9) | D48: 14 | E48: =MID(Sheet!$A75,7,9) | G48: 4 | H48: =MID(Sheet!$A145,7,9) | I48: 14 | J48: =MID(Sheet!$A155,7,9)
B49: 5 | C49: =MID(Sheet!$A66,7,9) | D49: 15 | E49: =MID(Sheet!$A76,7,9) | G49: 5 | H49: =MID(Sheet!$A146,7,9) | I49: 15 | J49: =MID(Sheet!$A156,7,9)
B50: 6 | C50: =MID(Sheet!$A67,7,9) | D50: 16 | E50: =MID(Sheet!$A77,7,9) | G50: 6 | H50: =MID(Sheet!$A147,7,9) | I50: 16 | J50: =MID(Sheet!$A157,7,9)
B51: 7 | C51: =MID(Sheet!$A68,7,9) | D51: 17 | E51: =MID(Sheet!$A78,7,9) | G51: 7 | H51: =MID(Sheet!$A148,7,9) | I51: 17 | J51: =MID(Sheet!$A158,7,9)
B52: 8 | C52: =MID(Sheet!$A69,7,9) | D52: 18 | E52: =MID(Sheet!$A79,7,9) | G52: 8 | H52: =MID(Sheet!$A149,7,9) | I52: 18 | J52: =MID(Sheet!$A159,7,9)
B53: 9 | C53: =MID(Sheet!$A70,7,9) | D53: 19 | E53: =MID(Sheet!$A80,7,9) | G53: 9 | H53: =MID(Sheet!$A150,7,9) | I53: 19 | J53: =MID(Sheet!$A160,7,9)
B54: 10 | C54: =MID(Sheet!$A71,7,9) | D54: 20 | E54: =MID(Sheet!$A81,7,9) | G54: 10 | H54: =MID(Sheet!$A151,7,9) | I54: 20 | J54: =MID(Sheet!$A161,7,9)
B55: 2103 มาโนช สมิทธ์พงศ์ธาดา | E55: =COUNTA(Sheet!$A62:$A81) -> 0 | G55: 2103 มาโนช สมิทธ์พงศ์ธาดา | J55: =COUNTA(Sheet!$A142:$A161) -> 0
C58: 2 ท้าย | D58: =COUNTIF(Sheet!M2:M161,">0") -> 0 | E58: =2000*D58 -> 0
C59: 3 หน้า | D59: =COUNTIF(Sheet!N2:N161,">0") -> 0 | E59: =4000*D59 -> 0
C60: 3 หลัง | D60: =COUNTIF(Sheet!O2:O161,">0") -> 0 | E60: =4000*D60 -> 0 | H60: รวม | I60: =Sheet!AQ161
A64: {=SUM(IF(ISNUMBER(Sheet!$C162:$C181),Sheet!$C162:$C181,""))} -> 0 | B64: 1 | C64: =MID(Sheet!$A162,7,9) | D64: 11 | E64: =MID(Sheet!$A172,7,9) | F64: {=SUM(IF(ISNUMBER(Sheet!$C242:$C261),Sheet!$C242:$C261,""))} -> 0 | G64: 1 | H64: =MID(Sheet!$A242,7,9) | I64: 11 | J64: =MID(Sheet!$A252,7,9)
B65: 2 | C65: =MID(Sheet!$A163,7,9) | D65: 12 | E65: =MID(Sheet!$A173,7,9) | G65: 2 | H65: =MID(Sheet!$A243,7,9) | I65: 12 | J65: =MID(Sheet!$A253,7,9)
B66: 3 | C66: =MID(Sheet!$A164,7,9) | D66: 13 | E66: =MID(Sheet!$A174,7,9) | G66: 3 | H66: =MID(Sheet!$A244,7,9) | I66: 13 | J66: =MID(Sheet!$A254,7,9)
B67: 4 | C67: =MID(Sheet!$A165,7,9) | D67: 14 | E67: =MID(Sheet!$A175,7,9) | G67: 4 | H67: =MID(Sheet!$A245,7,9) | I67: 14 | J67: =MID(Sheet!$A255,7,9)
B68: 5 | C68: =MID(Sheet!$A166,7,9) | D68: 15 | E68: =MID(Sheet!$A176,7,9) | G68: 5 | H68: =MID(Sheet!$A246,7,9) | I68: 15 | J68: =MID(Sheet!$A256,7,9)
B69: 6 | C69: =MID(Sheet!$A167,7,9) | D69: 16 | E69: =MID(Sheet!$A177,7,9) | G69: 6 | H69: =MID(Sheet!$A247,7,9) | I69: 16 | J69: =MID(Sheet!$A257,7,9)
B70: 7 | C70: =MID(Sheet!$A168,7,9) | D70: 17 | E70: =MID(Sheet!$A178,7,9) | G70: 7 | H70: =MID(Sheet!$A248,7,9) | I70: 17 | J70: =MID(Sheet!$A258,7,9)
B71: 8 | C71: =MID(Sheet!$A169,7,9) | D71: 18 | E71: =MID(Sheet!$A179,7,9) | G71: 8 | H71: =MID(Sheet!$A249,7,9) | I71: 18 | J71: =MID(Sheet!$A259,7,9)
B72: 9 | C72: =MID(Sheet!$A170,7,9) | D72: 19 | E72: =MID(Sheet!$A180,7,9) | G72: 9 | H72: =MID(Sheet!$A250,7,9) | I72: 19 | J72: =MID(Sheet!$A260,7,9)
B73: 10 | C73: =MID(Sheet!$A171,7,9) | D73: 20 | E73: =MID(Sheet!$A181,7,9) | G73: 10 | H73: =MID(Sheet!$A251,7,9) | I73: 20 | J73: =MID(Sheet!$A261,7,9)
B74: 2103 มาโนช สมิทธ์พงศ์ธาดา | E74: =COUNTA(Sheet!$A162:$A181) -> 0 | G74: 2103 มาโนช สมิทธ์พงศ์ธาดา | J74: =COUNTA(Sheet!$A242:$A261) -> 0
A78: {=SUM(IF(ISNUMBER(Sheet!$C182:$C201),Sheet!$C182:$C201,""))} -> 0 | B78: 1 | C78: =MID(Sheet!$A182,7,9) | D78: 11 | E78: =MID(Sheet!$A192,7,9) | F78: {=SUM(IF(ISNUMBER(Sheet!$C262:$C281),Sheet!$C262:$C281,""))} -> 0 | G78: 1 | H78: =MID(Sheet!$A262,7,9) | I78: 11 | J78: =MID(Sheet!$A272,7,9)
B79: 2 | C79: =MID(Sheet!$A183,7,9) | D79: 12 | E79: =MID(Sheet!$A193,7,9) | G79: 2 | H79: =MID(Sheet!$A263,7,9) | I79: 12 | J79: =MID(Sheet!$A273,7,9)
B80: 3 | C80: =MID(Sheet!$A184,7,9) | D80: 13 | E80: =MID(Sheet!$A194,7,9) | G80: 3 | H80: =MID(Sheet!$A264,7,9) | I80: 13 | J80: =MID(Sheet!$A274,7,9)
B81: 4 | C81: =MID(Sheet!$A185,7,9) | D81: 14 | E81: =MID(Sheet!$A195,7,9) | G81: 4 | H81: =MID(Sheet!$A265,7,9) | I81: 14 | J81: =MID(Sheet!$A275,7,9)
B82: 5 | C82: =MID(Sheet!$A186,7,9) | D82: 15 | E82: =MID(Sheet!$A196,7,9) | G82: 5 | H82: =MID(Sheet!$A266,7,9) | I82: 15 | J82: =MID(Sheet!$A276,7,9)
B83: 6 | C83: =MID(Sheet!$A187,7,9) | D83: 16 | E83: =MID(Sheet!$A197,7,9) | G83: 6 | H83: =MID(Sheet!$A267,7,9) | I83: 16 | J83: =MID(Sheet!$A277,7,9)
B84: 7 | C84: =MID(Sheet!$A188,7,9) | D84: 17 | E84: =MID(Sheet!$A198,7,9) | G84: 7 | H84: =MID(Sheet!$A268,7,9) | I84: 17 | J84: =MID(Sheet!$A278,7,9)
B85: 8 | C85: =MID(Sheet!$A189,7,9) | D85: 18 | E85: =MID(Sheet!$A199,7,9) | G85: 8 | H85: =MID(Sheet!$A269,7,9) | I85: 18 | J85: =MID(Sheet!$A279,7,9)
B86: 9 | C86: =MID(Sheet!$A190,7,9) | D86: 19 | E86: =MID(Sheet!$A200,7,9) | G86: 9 | H86: =MID(Sheet!$A270,7,9) | I86: 19 | J86: =MID(Sheet!$A280,7,9)
B87: 10 | C87: =MID(Sheet!$A191,7,9) | D87: 20 | E87: =MID(Sheet!$A201,7,9) | G87: 10 | H87: =MID(Sheet!$A271,7,9) | I87: 20 | J87: =MID(Sheet!$A281,7,9)
B88: 2103 มาโนช สมิทธ์พงศ์ธาดา | E88: =COUNTA(Sheet!$A182:$A201) -> 0 | G88: 2103 มาโนช สมิทธ์พงศ์ธาดา | J88: =COUNTA(Sheet!$A262:$A281) -> 0
A92: {=SUM(IF(ISNUMBER(Sheet!$C202:$C221),Sheet!$C202:$C221,""))} -> 0 | B92: 1 | C92: =MID(Sheet!$A202,7,9) | D92: 11 | E92: =MID(Sheet!$A212,7,9) | F92: {=SUM(IF(ISNUMBER(Sheet!$C282:$C301),Sheet!$C282:$C301,""))} -> 0 | G92: 1 | H92: =MID(Sheet!$A282,7,9) | I92: 11 | J92: =MID(Sheet!$A292,7,9)
B93: 2 | C93: =MID(Sheet!$A203,7,9) | D93: 12 | E93: =MID(Sheet!$A213,7,9) | G93: 2 | H93: =MID(Sheet!$A283,7,9) | I93: 12 | J93: =MID(Sheet!$A293,7,9)
B94: 3 | C94: =MID(Sheet!$A204,7,9) | D94: 13 | E94: =MID(Sheet!$A214,7,9) | G94: 3 | H94: =MID(Sheet!$A284,7,9) | I94: 13 | J94: =MID(Sheet!$A294,7,9)
B95: 4 | C95: =MID(Sheet!$A205,7,9) | D95: 14 | E95: =MID(Sheet!$A215,7,9) | G95: 4 | H95: =MID(Sheet!$A285,7,9) | I95: 14 | J95: =MID(Sheet!$A295,7,9)
B96: 5 | C96: =MID(Sheet!$A206,7,9) | D96: 15 | E96: =MID(Sheet!$A216,7,9) | G96: 5 | H96: =MID(Sheet!$A286,7,9) | I96: 15 | J96: =MID(Sheet!$A296,7,9)
B97: 6 | C97: =MID(Sheet!$A207,7,9) | D97: p | E97: =MID(Sheet!$A217,7,9) | G97: 6 | H97: =MID(Sheet!$A287,7,9) | I97: 16 | J97: =MID(Sheet!$A297,7,9)
B98: 7 | C98: =MID(Sheet!$A208,7,9) | D98: 17 | E98: =MID(Sheet!$A218,7,9) | G98: 7 | H98: =MID(Sheet!$A288,7,9) | I98: 17 | J98: =MID(Sheet!$A298,7,9)
B99: 8 | C99: =MID(Sheet!$A209,7,9) | D99: 18 | E99: =MID(Sheet!$A219,7,9) | G99: 8 | H99: =MID(Sheet!$A289,7,9) | I99: 18 | J99: =MID(Sheet!$A299,7,9)
B100: 9 | C100: =MID(Sheet!$A210,7,9) | D100: 19 | E100: =MID(Sheet!$A220,7,9) | G100: 9 | H100: =MID(Sheet!$A290,7,9) | I100: 19 | J100: =MID(Sheet!$A300,7,9)
B101: 10 | C101: =MID(Sheet!$A211,7,9) | D101: 20 | E101: =MID(Sheet!$A221,7,9) | G101: 10 | H101: =MID(Sheet!$A291,7,9) | I101: 20 | J101: =MID(Sheet!$A301,7,9)
B102: 2103 มาโนช สมิทธ์พงศ์ธาดา | E102: =COUNTA(Sheet!$A202:$A221) -> 0 | G102: 2103 มาโนช สมิทธ์พงศ์ธาดา | J102: =COUNTA(Sheet!$A282:$A301) -> 0
A106: {=SUM(IF(ISNUMBER(Sheet!$C222:$C241),Sheet!$C222:$C241,""))} -> 0 | B106: 1 | C106: =MID(Sheet!$A222,7,9) | D106: 11 | E106: =MID(Sheet!$A232,7,9) | F106: {=SUM(IF(ISNUMBER(Sheet!$C302:$C321),Sheet!$C302:$C321,""))} -> 0 | G106: 1 | H106: =MID(Sheet!$A302,7,9) | I106: 11 | J106: =MID(Sheet!$A312,7,9)
B107: 2 | C107: =MID(Sheet!$A223,7,9) | D107: 12 | E107: =MID(Sheet!$A233,7,9) | G107: 2 | H107: =MID(Sheet!$A303,7,9) | I107: 12 | J107: =MID(Sheet!$A313,7,9)
B108: 3 | C108: =MID(Sheet!$A224,7,9) | D108: 13 | E108: =MID(Sheet!$A234,7,9) | G108: 3 | H108: =MID(Sheet!$A304,7,9) | I108: 13 | J108: =MID(Sheet!$A314,7,9)
B109: 4 | C109: =MID(Sheet!$A225,7,9) | D109: 14 | E109: =MID(Sheet!$A235,7,9) | G109: 4 | H109: =MID(Sheet!$A305,7,9) | I109: 14 | J109: =MID(Sheet!$A315,7,9)
B110: 5 | C110: =MID(Sheet!$A226,7,9) | D110: 15 | E110: =MID(Sheet!$A236,7,9) | G110: 5 | H110: =MID(Sheet!$A306,7,9) | I110: 15 | J110: =MID(Sheet!$A316,7,9)
B111: 6 | C111: =MID(Sheet!$A227,7,9) | D111: 16 | E111: =MID(Sheet!$A237,7,9) | G111: 6 | H111: =MID(Sheet!$A307,7,9) | I111: 16 | J111: =MID(Sheet!$A317,7,9)
B112: 7 | C112: =MID(Sheet!$A228,7,9) | D112: 17 | E112: =MID(Sheet!$A238,7,9) | G112: 7 | H112: =MID(Sheet!$A308,7,9) | I112: 17 | J112: =MID(Sheet!$A318,7,9)
B113: 8 | C113: =MID(Sheet!$A229,7,9) | D113: 18 | E113: =MID(Sheet!$A239,7,9) | G113: 8 | H113: =MID(Sheet!$A309,7,9) | I113: 18 | J113: =MID(Sheet!$A319,7,9)
B114: 9 | C114: =MID(Sheet!$A230,7,9) | D114: 19 | E114: =MID(Sheet!$A240,7,9) | G114: 9 | H114: =MID(Sheet!$A310,7,9) | I114: 19 | J114: =MID(Sheet!$A320,7,9)
B115: 10 | C115: =MID(Sheet!$A231,7,9) | D115: 20 | E115: =MID(Sheet!$A241,7,9) | G115: 10 | H115: =MID(Sheet!$A311,7,9) | I115: 20 | J115: =MID(Sheet!$A321,7,9)
B116: 2103 มาโนช สมิทธ์พงศ์ธาดา | E116: =COUNTA(Sheet!$A222:$A241) -> 0 | G116: 2103 มาโนช สมิทธ์พงศ์ธาดา | J116: =COUNTA(Sheet!$A302:$A321) -> 0
C119: 2 ท้าย | D119: =COUNTIF(Sheet!M$162:M$321,">0") -> 0 | E119: =2000*D119 -> 0
C120: 3 หน้า | D120: =COUNTIF(Sheet!N$162:N$321,">0") -> 0 | E120: =4000*D120 -> 0
C121: 3 หลัง | D121: =COUNTIF(Sheet!O$162:O$321,">0") -> 0 | E121: =4000*D121 -> 0 | H121: รวม | I121: =Sheet!AQ321

Sheet Sheet
C1: =SUM(C2:C1001) -> 0 | D1: งวด | F1: ปี | H1: วันที่ | I1: เลข | J1: เลข 2 ท้าย | K1: เลข 3 หน้า | L1: เลข 3 หลัง | M1: 2 ท้าย | N1: 3 หน้า | O1: 3 หลัง | P1: ที่ 1 | Q1: ข้างเคียง | R1: ที่ 2 | S1: ที่ 3 | T1: ที่ 4 | U1: ที่ 5 | V1: อายัด | X1: A1 | Y1: 2 ท้าย | Z1: 3 หน้า | AA1: 3 หลัง | AB1: ที่ 1 | AC1: ข้างเคียง | AD1: ที่ 2 | AE1: ที่ 3 | AF1: ที่ 4 | AG1: ที่ 5 | AH1: ปี | AI1: อายัด | AJ1: % | AL1: =SUM(AL2:AL1000) -> 0 | AM1: Time | AN1: หน้า | AO1: หลัง | AP1: อายัด
B2: =LEFT(A2,15) | C2: {=SUM(IF(ISNUMBER(M2:W2),M2:W2,""))} -> 0 | D2: =MID(B2,4,2) | E2: =IF(ISEVEN(D2),D2-1,VALUE(D2)) -> #VALUE! | F2: =LEFT(B2,2) | G2: =CONCATENATE(F2,".xlsx") -> .xlsx | H2: {=IF(AND(VALUE(E2)=INDIRECT("'["&G2&"]"&E2&"'!"&$X$2),G2=INDIRECT("'["&G2&"]"&E2&"'!"&$X$3)),INDIRECT("'["&G2&"]"&E2&"'!"&$X$1),0)} -> #VALUE! | I2: =MID(B2,10,6) | J2: =RIGHT(I2,2) | K2: =LEFT(I2,3) | L2: =RIGHT(I2,3) | M2: {=IF(AND(J2=INDIRECT("'["&G2&"]"&E2&"'!"&$Y$2),G2=INDIRECT("'["&G2&"]"&E2&"'!"&$AH$2)),INDIRECT("'["&G2&"]"&E2&"'!"&$Y$3),0)} -> #VALUE! | N2: {=IF(AND(G2=INDIRECT("'["&G2&"]"&E2&"'!"&$AH$2),OR(K2=INDIRECT("'["&G2&"]"&E2&"'!"&$Z$2))),INDIRECT("'["&G2&"]"&E2&"'!"&$Z$3),0)} -> #VALUE! | O2: {=IF(AND(G2=INDIRECT("'["&G2&"]"&E2&"'!"&$AH$2),OR(L2=INDIRECT("'["&G2&"]"&E2&"'!"&$AA$2))),INDIRECT("'["&G2&"]"&E2&"'!"&$AA$3),0)} -> #VALUE! | P2: {=IF(AND(G2=INDIRECT("'["&G2&"]"&E2&"'!"&$AH$2),OR(VALUE(I2)=INDIRECT("'["&G2&"]"&E2&"'!"&$AB$2))),INDIRECT("'["&G2&"]"&E2&"'!"&$AB$3),0)} -> #VALUE! | Q2: {=IF(AND(G2=INDIRECT("'["&G2&"]"&E2&"'!"&$AH$2),OR(VALUE(I2)=INDIRECT("'["&G2&"]"&E2&"'!"&$AC$2))),INDIRECT("'["&G2&"]"&E2&"'!"&$AC$3),0)} -> #VALUE! | R2: {=IF(AND(G2=INDIRECT("'["&G2&"]"&E2&"'!"&$AH$2),OR(I2=INDIRECT("'["&G2&"]"&E2&"'!"&$AD$2))),INDIRECT("'["&G2&"]"&E2&"'!"&$AD$3),0)} -> #VALUE! | S2: {=IF(AND(G2=INDIRECT("'["&G2&"]"&E2&"'!"&$AH$2),OR(I2=INDIRECT("'["&G2&"]"&E2&"'!"&$AE$2))),INDIRECT("'["&G2&"]"&E2&"'!"&$AE$3),0)} -> #VALUE! | T2: {=IF(AND(G2=INDIRECT("'["&G2&"]"&E2&"'!"&$AH$2),OR(I2=INDIRECT("'["&G2&"]"&E2&"'!"&$AF$2))),INDIRECT("'["&G2&"]"&E2&"'!"&$AF$3),0)} -> #VALUE! | U2: {=IF(AND(G2=INDIRECT("'["&G2&"]"&E2&"'!"&$AH$2),OR(I2=INDIRECT("'["&G2&"]"&E2&"'!"&$AG$2))),INDIRECT("'["&G2&"]"&E2&"'!"&$AG$3),0)} -> #VALUE! | V2: =MID(B2,7,9) | W2: {=IF(AND(G2=INDIRECT("'["&G2&"]"&E2&"'!"&$AH$2),OR(V2=INDIRECT("'["&G2&"]"&E2&"'!"&$AI$2))),INDIRECT("'["&G2&"]"&E2&"'!"&$AI$3),0)} -> #VALUE! | X2: A2 | Y2: B4 | Z2: B5:C5 | AA2: B6:C6 | AB2: B7 | AC2: B8:C8 | AD2: B9:F9 | AE2: B10:K10 | AF2: B11:K15 | AG2: B16:K25 | AH2: B2 | AI2: B26:K115 | AJ2: 1 | AK2: =(C2*AJ2%) -> 0 | AL2: =C2-AK2 -> 0 | AM2: =IF(A2<>"",IF(AM2="",NOW(),AM2),"") | AN2: =IF(VALUE(N2),"/","") -> #VALUE! | AO2: =IF(VALUE(O2),"/","") -> #VALUE! | AP2: =IF(ISTEXT(W2),"อายัด","") | AQ2: =IF(AND(C2<>0, C3=0), SUM($C$2:C2)-SUM($AQ$1:AQ1), "") | AR2: =IF(AND(AK2<>0, AK3=0), SUM($AK$2:AK2)-SUM($AR$1:AR1), "")
B3: =LEFT(A3,15) | C3: {=SUM(IF(ISNUMBER(M3:U3),M3:U3,""))} -> 0 | D3: =MID(A3,4,2) | E3: =IF(ISEVEN(D3),D3-1,VALUE(D3)) -> #VALUE! | F3: =LEFT(A3,2) | G3: =CONCATENATE(F3,".xlsx") -> .xlsx | H3: {=IF(AND(VALUE(E3)=INDIRECT("'["&G3&"]"&E3&"'!"&$X$2),G3=INDIRECT("'["&G3&"]"&E3&"'!"&$X$3)),INDIRECT("'["&G3&"]"&E3&"'!"&$X$1),0)} -> #VALUE! | I3: =MID(A3,10,6) | J3: =RIGHT(I3,2) | K3: =LEFT(I3,3) | L3: =RIGHT(I3,3) | M3: {=IF(AND(J3=INDIRECT("'["&G3&"]"&E3&"'!"&$Y$2),G3=INDIRECT("'["&G3&"]"&E3&"'!"&$AH$2)),INDIRECT("'["&G3&"]"&E3&"'!"&$Y$3),0)} -> #VALUE! | N3: {=IF(AND(G3=INDIRECT("'["&G3&"]"&E3&"'!"&$AH$2),OR(K3=INDIRECT("'["&G3&"]"&E3&"'!"&$Z$2))),INDIRECT("'["&G3&"]"&E3&"'!"&$Z$3),0)} -> #VALUE! | O3: {=IF(AND(G3=INDIRECT("'["&G3&"]"&E3&"'!"&$AH$2),OR(L3=INDIRECT("'["&G3&"]"&E3&"'!"&$AA$2))),INDIRECT("'["&G3&"]"&E3&"'!"&$AA$3),0)} -> #VALUE! | P3: {=IF(AND(G3=INDIRECT("'["&G3&"]"&E3&"'!"&$AH$2),OR(VALUE(I3)=INDIRECT("'["&G3&"]"&E3&"'!"&$AB$2))),INDIRECT("'["&G3&"]"&E3&"'!"&$AB$3),0)} -> #VALUE! | Q3: {=IF(AND(G3=INDIRECT("'["&G3&"]"&E3&"'!"&$AH$2),OR(VALUE(I3)=INDIRECT("'["&G3&"]"&E3&"'!"&$AC$2))),INDIRECT("'["&G3&"]"&E3&"'!"&$AC$3),0)} -> #VALUE! | R3: {=IF(AND(G3=INDIRECT("'["&G3&"]"&E3&"'!"&$AH$2),OR(I3=INDIRECT("'["&G3&"]"&E3&"'!"&$AD$2))),INDIRECT("'["&G3&"]"&E3&"'!"&$AD$3),0)} -> #VALUE! | S3: {=IF(AND(G3=INDIRECT("'["&G3&"]"&E3&"'!"&$AH$2),OR(I3=INDIRECT("'["&G3&"]"&E3&"'!"&$AE$2))),INDIRECT("'["&G3&"]"&E3&"'!"&$AE$3),0)} -> #VALUE! | T3: {=IF(AND(G3=INDIRECT("'["&G3&"]"&E3&"'!"&$AH$2),OR(I3=INDIRECT("'["&G3&"]"&E3&"'!"&$AF$2))),INDIRECT("'["&G3&"]"&E3&"'!"&$AF$3),0)} -> #VALUE! | U3: {=IF(AND(G3=INDIRECT("'["&G3&"]"&E3&"'!"&$AH$2),OR(I3=INDIRECT("'["&G3&"]"&E3&"'!"&$AG$2))),INDIRECT("'["&G3&"]"&E3&"'!"&$AG$3),0)} -> #VALUE! | V3: =MID(B3,7,9) | W3: {=IF(AND(G3=INDIRECT("'["&G3&"]"&E3&"'!"&$AH$2),OR(V3=INDIRECT("'["&G3&"]"&E3&"'!"&$AI$2))),INDIRECT("'["&G3&"]"&E3&"'!"&$AI$3),0)} -> #VALUE! | X3: B2 | Y3: l4 | Z3: L5 | AA3: L6 | AB3: L7 | AC3: L8 | AD3: L9 | AE3: L10 | AF3: L11 | AG3: L16 | AI3: L26 | AJ3: 1 | AK3: =(C3*AJ3%) -> 0 | AL3: =C3-AK3 -> 0 | AM3: =IF(A3<>"",IF(AM3="",NOW(),AM3),"") | AN3: =IF(VALUE(N3),"/","") -> #VALUE! | AO3: =IF(VALUE(O3),"/","") -> #VALUE! | AP3: =IF(ISTEXT(W3),"อายัด","") | AQ3: =IF(AND(C3<>0, C4=0), SUM($C$2:C3)-SUM($AQ$1:AQ2), "") | AR3: =IF(AND(AK3<>0, AK4=0), SUM($AK$2:AK3)-SUM($AR$1:AR2), "")
B4: =LEFT(A4,15) | C4: {=SUM(IF(ISNUMBER(M4:U4),M4:U4,""))} -> 0 | D4: =MID(A4,4,2) | E4: =IF(ISEVEN(D4),D4-1,VALUE(D4)) -> #VALUE! | F4: =LEFT(A4,2) | G4: =CONCATENATE(F4,".xlsx") -> .xlsx | H4: {=IF(AND(VALUE(E4)=INDIRECT("'["&G4&"]"&E4&"'!"&$X$2),G4=INDIRECT("'["&G4&"]"&E4&"'!"&$X$3)),INDIRECT("'["&G4&"]"&E4&"'!"&$X$1),0)} -> #VALUE! | I4: =MID(A4,10,6) | J4: =RIGHT(I4,2) | K4: =LEFT(I4,3) | L4: =RIGHT(I4,3) | M4: {=IF(AND(J4=INDIRECT("'["&G4&"]"&E4&"'!"&$Y$2),G4=INDIRECT("'["&G4&"]"&E4&"'!"&$AH$2)),INDIRECT("'["&G4&"]"&E4&"'!"&$Y$3),0)} -> #VALUE! | N4: {=IF(AND(G4=INDIRECT("'["&G4&"]"&E4&"'!"&$AH$2),OR(K4=INDIRECT("'["&G4&"]"&E4&"'!"&$Z$2))),INDIRECT("'["&G4&"]"&E4&"'!"&$Z$3),0)} -> #VALUE! | O4: {=IF(AND(G4=INDIRECT("'["&G4&"]"&E4&"'!"&$AH$2),OR(L4=INDIRECT("'["&G4&"]"&E4&"'!"&$AA$2))),INDIRECT("'["&G4&"]"&E4&"'!"&$AA$3),0)} -> #VALUE! | P4: {=IF(AND(G4=INDIRECT("'["&G4&"]"&E4&"'!"&$AH$2),OR(VALUE(I4)=INDIRECT("'["&G4&"]"&E4&"'!"&$AB$2))),INDIRECT("'["&G4&"]"&E4&"'!"&$AB$3),0)} -> #VALUE! | Q4: {=IF(AND(G4=INDIRECT("'["&G4&"]"&E4&"'!"&$AH$2),OR(VALUE(I4)=INDIRECT("'["&G4&"]"&E4&"'!"&$AC$2))),INDIRECT("'["&G4&"]"&E4&"'!"&$AC$3),0)} -> #VALUE! | R4: {=IF(AND(G4=INDIRECT("'["&G4&"]"&E4&"'!"&$AH$2),OR(I4=INDIRECT("'["&G4&"]"&E4&"'!"&$AD$2))),INDIRECT("'["&G4&"]"&E4&"'!"&$AD$3),0)} -> #VALUE! | S4: {=IF(AND(G4=INDIRECT("'["&G4&"]"&E4&"'!"&$AH$2),OR(I4=INDIRECT("'["&G4&"]"&E4&"'!"&$AE$2))),INDIRECT("'["&G4&"]"&E4&"'!"&$AE$3),0)} -> #VALUE! | T4: {=IF(AND(G4=INDIRECT("'["&G4&"]"&E4&"'!"&$AH$2),OR(I4=INDIRECT("'["&G4&"]"&E4&"'!"&$AF$2))),INDIRECT("'["&G4&"]"&E4&"'!"&$AF$3),0)} -> #VALUE! | U4: {=IF(AND(G4=INDIRECT("'["&G4&"]"&E4&"'!"&$AH$2),OR(I4=INDIRECT("'["&G4&"]"&E4&"'!"&$AG$2))),INDIRECT("'["&G4&"]"&E4&"'!"&$AG$3),0)} -> #VALUE! | V4: =MID(B4,7,9) | W4: {=IF(AND(G4=INDIRECT("'["&G4&"]"&E4&"'!"&$AH$2),OR(V4=INDIRECT("'["&G4&"]"&E4&"'!"&$AI$2))),INDIRECT("'["&G4&"]"&E4&"'!"&$AI$3),0)} -> #VALUE! | AJ4: 1 | AK4: =(C4*AJ4%) -> 0 | AL4: =C4-AK4 -> 0 | AM4: =IF(A4<>"",IF(AM4="",NOW(),AM4),"") | AN4: =IF(VALUE(N4),"/","") -> #VALUE! | AO4: =IF(VALUE(O4),"/","") -> #VALUE! | AP4: =IF(ISTEXT(W4),"อายัด","") | AQ4: =IF(AND(C4<>0, C5=0), SUM($C$2:C4)-SUM($AQ$1:AQ3), "") | AR4: =IF(AND(AK4<>0, AK5=0), SUM($AK$2:AK4)-SUM($AR$1:AR3), "")
B5: =LEFT(A5,15) | C5: {=SUM(IF(ISNUMBER(M5:U5),M5:U5,""))} -> 0 | D5: =MID(A5,4,2) | E5: =IF(ISEVEN(D5),D5-1,VALUE(D5)) -> #VALUE! | F5: =LEFT(A5,2) | G5: =CONCATENATE(F5,".xlsx") -> .xlsx | H5: {=IF(AND(VALUE(E5)=INDIRECT("'["&G5&"]"&E5&"'!"&$X$2),G5=INDIRECT("'["&G5&"]"&E5&"'!"&$X$3)),INDIRECT("'["&G5&"]"&E5&"'!"&$X$1),0)} -> #VALUE! | I5: =MID(A5,10,6) | J5: =RIGHT(I5,2) | K5: =LEFT(I5,3) | L5: =RIGHT(I5,3) | M5: {=IF(AND(J5=INDIRECT("'["&G5&"]"&E5&"'!"&$Y$2),G5=INDIRECT("'["&G5&"]"&E5&"'!"&$AH$2)),INDIRECT("'["&G5&"]"&E5&"'!"&$Y$3),"")} -> #VALUE! | N5: {=IF(AND(G5=INDIRECT("'["&G5&"]"&E5&"'!"&$AH$2),OR(K5=INDIRECT("'["&G5&"]"&E5&"'!"&$Z$2))),INDIRECT("'["&G5&"]"&E5&"'!"&$Z$3),0)} -> #VALUE! | O5: {=IF(AND(G5=INDIRECT("'["&G5&"]"&E5&"'!"&$AH$2),OR(L5=INDIRECT("'["&G5&"]"&E5&"'!"&$AA$2))),INDIRECT("'["&G5&"]"&E5&"'!"&$AA$3),0)} -> #VALUE! | P5: {=IF(AND(G5=INDIRECT("'["&G5&"]"&E5&"'!"&$AH$2),OR(VALUE(I5)=INDIRECT("'["&G5&"]"&E5&"'!"&$AB$2))),INDIRECT("'["&G5&"]"&E5&"'!"&$AB$3),0)} -> #VALUE! | Q5: {=IF(AND(G5=INDIRECT("'["&G5&"]"&E5&"'!"&$AH$2),OR(VALUE(I5)=INDIRECT("'["&G5&"]"&E5&"'!"&$AC$2))),INDIRECT("'["&G5&"]"&E5&"'!"&$AC$3),0)} -> #VALUE! | R5: {=IF(AND(G5=INDIRECT("'["&G5&"]"&E5&"'!"&$AH$2),OR(I5=INDIRECT("'["&G5&"]"&E5&"'!"&$AD$2))),INDIRECT("'["&G5&"]"&E5&"'!"&$AD$3),0)} -> #VALUE! | S5: {=IF(AND(G5=INDIRECT("'["&G5&"]"&E5&"'!"&$AH$2),OR(I5=INDIRECT("'["&G5&"]"&E5&"'!"&$AE$2))),INDIRECT("'["&G5&"]"&E5&"'!"&$AE$3),0)} -> #VALUE! | T5: {=IF(AND(G5=INDIRECT("'["&G5&"]"&E5&"'!"&$AH$2),OR(I5=INDIRECT("'["&G5&"]"&E5&"'!"&$AF$2))),INDIRECT("'["&G5&"]"&E5&"'!"&$AF$3),0)} -> #VALUE! | U5: {=IF(AND(G5=INDIRECT("'["&G5&"]"&E5&"'!"&$AH$2),OR(I5=INDIRECT("'["&G5&"]"&E5&"'!"&$AG$2))),INDIRECT("'["&G5&"]"&E5&"'!"&$AG$3),0)} -> #VALUE! | V5: =MID(B5,7,9) | W5: {=IF(AND(G5=INDIRECT("'["&G5&"]"&E5&"'!"&$AH$2),OR(V5=INDIRECT("'["&G5&"]"&E5&"'!"&$AI$2))),INDIRECT("'["&G5&"]"&E5&"'!"&$AI$3),0)} -> #VALUE! | AJ5: 1 | AK5: =(C5*AJ5%) -> 0 | AL5: =C5-AK5 -> 0 | AM5: =IF(A5<>"",IF(AM5="",NOW(),AM5),"") | AN5: =IF(VALUE(N5),"/","") -> #VALUE! | AO5: =IF(VALUE(O5),"/","") -> #VALUE! | AP5: =IF(ISTEXT(W5),"อายัด","") | AQ5: =IF(AND(C5<>0, C6=0), SUM($C$2:C5)-SUM($AQ$1:AQ4), "") | AR5: =IF(AND(AK5<>0, AK6=0), SUM($AK$2:AK5)-SUM($AR$1:AR4), "")
B6: =LEFT(A6,15) | C6: {=SUM(IF(ISNUMBER(M6:U6),M6:U6,""))} -> 0 | D6: =MID(A6,4,2) | E6: =IF(ISEVEN(D6),D6-1,VALUE(D6)) -> #VALUE! | F6: =LEFT(A6,2) | G6: =CONCATENATE(F6,".xlsx") -> .xlsx | H6: {=IF(AND(VALUE(E6)=INDIRECT("'["&G6&"]"&E6&"'!"&$X$2),G6=INDIRECT("'["&G6&"]"&E6&"'!"&$X$3)),INDIRECT("'["&G6&"]"&E6&"'!"&$X$1),0)} -> #VALUE! | I6: =MID(A6,10,6) | J6: =RIGHT(I6,2) | K6: =LEFT(I6,3) | L6: =RIGHT(I6,3) | M6: {=IF(AND(J6=INDIRECT("'["&G6&"]"&E6&"'!"&$Y$2),G6=INDIRECT("'["&G6&"]"&E6&"'!"&$AH$2)),INDIRECT("'["&G6&"]"&E6&"'!"&$Y$3),0)} -> #VALUE! | N6: {=IF(AND(G6=INDIRECT("'["&G6&"]"&E6&"'!"&$AH$2),OR(K6=INDIRECT("'["&G6&"]"&E6&"'!"&$Z$2))),INDIRECT("'["&G6&"]"&E6&"'!"&$Z$3),0)} -> #VALUE! | O6: {=IF(AND(G6=INDIRECT("'["&G6&"]"&E6&"'!"&$AH$2),OR(L6=INDIRECT("'["&G6&"]"&E6&"'!"&$AA$2))),INDIRECT("'["&G6&"]"&E6&"'!"&$AA$3),0)} -> #VALUE! | P6: {=IF(AND(G6=INDIRECT("'["&G6&"]"&E6&"'!"&$AH$2),OR(VALUE(I6)=INDIRECT("'["&G6&"]"&E6&"'!"&$AB$2))),INDIRECT("'["&G6&"]"&E6&"'!"&$AB$3),0)} -> #VALUE! | Q6: {=IF(AND(G6=INDIRECT("'["&G6&"]"&E6&"'!"&$AH$2),OR(VALUE(I6)=INDIRECT("'["&G6&"]"&E6&"'!"&$AC$2))),INDIRECT("'["&G6&"]"&E6&"'!"&$AC$3),0)} -> #VALUE! | R6: {=IF(AND(G6=INDIRECT("'["&G6&"]"&E6&"'!"&$AH$2),OR(I6=INDIRECT("'["&G6&"]"&E6&"'!"&$AD$2))),INDIRECT("'["&G6&"]"&E6&"'!"&$AD$3),0)} -> #VALUE! | S6: {=IF(AND(G6=INDIRECT("'["&G6&"]"&E6&"'!"&$AH$2),OR(I6=INDIRECT("'["&G6&"]"&E6&"'!"&$AE$2))),INDIRECT("'["&G6&"]"&E6&"'!"&$AE$3),0)} -> #VALUE! | T6: {=IF(AND(G6=INDIRECT("'["&G6&"]"&E6&"'!"&$AH$2),OR(I6=INDIRECT("'["&G6&"]"&E6&"'!"&$AF$2))),INDIRECT("'["&G6&"]"&E6&"'!"&$AF$3),0)} -> #VALUE! | U6: {=IF(AND(G6=INDIRECT("'["&G6&"]"&E6&"'!"&$AH$2),OR(I6=INDIRECT("'["&G6&"]"&E6&"'!"&$AG$2))),INDIRECT("'["&G6&"]"&E6&"'!"&$AG$3),0)} -> #VALUE! | V6: =MID(B6,7,9) | W6: {=IF(AND(G6=INDIRECT("'["&G6&"]"&E6&"'!"&$AH$2),OR(V6=INDIRECT("'["&G6&"]"&E6&"'!"&$AI$2))),INDIRECT("'["&G6&"]"&E6&"'!"&$AI$3),0)} -> #VALUE! | AJ6: 1 | AK6: =(C6*AJ6%) -> 0 | AL6: =C6-AK6 -> 0 | AM6: =IF(A6<>"",IF(AM6="",NOW(),AM6),"") | AN6: =IF(VALUE(N6),"/","") -> #VALUE! | AO6: =IF(VALUE(O6),"/","") -> #VALUE! | AP6: =IF(ISTEXT(W6),"อายัด","") | AQ6: =IF(AND(C6<>0, C7=0), SUM($C$2:C6)-SUM($AQ$1:AQ5), "") | AR6: =IF(AND(AK6<>0, AK7=0), SUM($AK$2:AK6)-SUM($AR$1:AR5), "")
B7: =LEFT(A7,15) | C7: {=SUM(IF(ISNUMBER(M7:U7),M7:U7,""))} -> 0 | D7: =MID(A7,4,2) | E7: =IF(ISEVEN(D7),D7-1,VALUE(D7)) -> #VALUE! | F7: =LEFT(A7,2) | G7: =CONCATENATE(F7,".xlsx") -> .xlsx | H7: {=IF(AND(VALUE(E7)=INDIRECT("'["&G7&"]"&E7&"'!"&$X$2),G7=INDIRECT("'["&G7&"]"&E7&"'!"&$X$3)),INDIRECT("'["&G7&"]"&E7&"'!"&$X$1),0)} -> #VALUE! | I7: =MID(A7,10,6) | J7: =RIGHT(I7,2) | K7: =LEFT(I7,3) | L7: =RIGHT(I7,3) | M7: {=IF(AND(J7=INDIRECT("'["&G7&"]"&E7&"'!"&$Y$2),G7=INDIRECT("'["&G7&"]"&E7&"'!"&$AH$2)),INDIRECT("'["&G7&"]"&E7&"'!"&$Y$3),0)} -> #VALUE! | N7: {=IF(AND(G7=INDIRECT("'["&G7&"]"&E7&"'!"&$AH$2),OR(K7=INDIRECT("'["&G7&"]"&E7&"'!"&$Z$2))),INDIRECT("'["&G7&"]"&E7&"'!"&$Z$3),0)} -> #VALUE! | O7: {=IF(AND(G7=INDIRECT("'["&G7&"]"&E7&"'!"&$AH$2),OR(L7=INDIRECT("'["&G7&"]"&E7&"'!"&$AA$2))),INDIRECT("'["&G7&"]"&E7&"'!"&$AA$3),0)} -> #VALUE! | P7: {=IF(AND(G7=INDIRECT("'["&G7&"]"&E7&"'!"&$AH$2),OR(VALUE(I7)=INDIRECT("'["&G7&"]"&E7&"'!"&$AB$2))),INDIRECT("'["&G7&"]"&E7&"'!"&$AB$3),0)} -> #VALUE! | Q7: {=IF(AND(G7=INDIRECT("'["&G7&"]"&E7&"'!"&$AH$2),OR(VALUE(I7)=INDIRECT("'["&G7&"]"&E7&"'!"&$AC$2))),INDIRECT("'["&G7&"]"&E7&"'!"&$AC$3),0)} -> #VALUE! | R7: {=IF(AND(G7=INDIRECT("'["&G7&"]"&E7&"'!"&$AH$2),OR(I7=INDIRECT("'["&G7&"]"&E7&"'!"&$AD$2))),INDIRECT("'["&G7&"]"&E7&"'!"&$AD$3),0)} -> #VALUE! | S7: {=IF(AND(G7=INDIRECT("'["&G7&"]"&E7&"'!"&$AH$2),OR(I7=INDIRECT("'["&G7&"]"&E7&"'!"&$AE$2))),INDIRECT("'["&G7&"]"&E7&"'!"&$AE$3),0)} -> #VALUE! | T7: {=IF(AND(G7=INDIRECT("'["&G7&"]"&E7&"'!"&$AH$2),OR(I7=INDIRECT("'["&G7&"]"&E7&"'!"&$AF$2))),INDIRECT("'["&G7&"]"&E7&"'!"&$AF$3),0)} -> #VALUE! | U7: {=IF(AND(G7=INDIRECT("'["&G7&"]"&E7&"'!"&$AH$2),OR(I7=INDIRECT("'["&G7&"]"&E7&"'!"&$AG$2))),INDIRECT("'["&G7&"]"&E7&"'!"&$AG$3),0)} -> #VALUE! | V7: =MID(B7,7,9) | W7: {=IF(AND(G7=INDIRECT("'["&G7&"]"&E7&"'!"&$AH$2),OR(V7=INDIRECT("'["&G7&"]"&E7&"'!"&$AI$2))),INDIRECT("'["&G7&"]"&E7&"'!"&$AI$3),0)} -> #VALUE! | AJ7: 1 | AK7: =(C7*AJ7%) -> 0 | AL7: =C7-AK7 -> 0 | AM7: =IF(A7<>"",IF(AM7="",NOW(),AM7),"") | AN7: =IF(VALUE(N7),"/","") -> #VALUE! | AO7: =IF(VALUE(O7),"/","") -> #VALUE! | AP7: =IF(ISTEXT(W7),"อายัด","") | AQ7: =IF(AND(C7<>0, C8=0), SUM($C$2:C7)-SUM($AQ$1:AQ6), "") | AR7: =IF(AND(AK7<>0, AK8=0), SUM($AK$2:AK7)-SUM($AR$1:AR6), "")
B8: =LEFT(A8,15) | C8: {=SUM(IF(ISNUMBER(M8:U8),M8:U8,""))} -> 0 | D8: =MID(A8,4,2) | E8: =IF(ISEVEN(D8),D8-1,VALUE(D8)) -> #VALUE! | F8: =LEFT(A8,2) | G8: =CONCATENATE(F8,".xlsx") -> .xlsx | H8: {=IF(AND(VALUE(E8)=INDIRECT("'["&G8&"]"&E8&"'!"&$X$2),G8=INDIRECT("'["&G8&"]"&E8&"'!"&$X$3)),INDIRECT("'["&G8&"]"&E8&"'!"&$X$1),0)} -> #VALUE! | I8: =MID(A8,10,6) | J8: =RIGHT(I8,2) | K8: =LEFT(I8,3) | L8: =RIGHT(I8,3) | M8: {=IF(AND(J8=INDIRECT("'["&G8&"]"&E8&"'!"&$Y$2),G8=INDIRECT("'["&G8&"]"&E8&"'!"&$AH$2)),INDIRECT("'["&G8&"]"&E8&"'!"&$Y$3),0)} -> #VALUE! | N8: {=IF(AND(G8=INDIRECT("'["&G8&"]"&E8&"'!"&$AH$2),OR(K8=INDIRECT("'["&G8&"]"&E8&"'!"&$Z$2))),INDIRECT("'["&G8&"]"&E8&"'!"&$Z$3),0)} -> #VALUE! | O8: {=IF(AND(G8=INDIRECT("'["&G8&"]"&E8&"'!"&$AH$2),OR(L8=INDIRECT("'["&G8&"]"&E8&"'!"&$AA$2))),INDIRECT("'["&G8&"]"&E8&"'!"&$AA$3),0)} -> #VALUE! | P8: {=IF(AND(G8=INDIRECT("'["&G8&"]"&E8&"'!"&$AH$2),OR(VALUE(I8)=INDIRECT("'["&G8&"]"&E8&"'!"&$AB$2))),INDIRECT("'["&G8&"]"&E8&"'!"&$AB$3),0)} -> #VALUE! | Q8: {=IF(AND(G8=INDIRECT("'["&G8&"]"&E8&"'!"&$AH$2),OR(VALUE(I8)=INDIRECT("'["&G8&"]"&E8&"'!"&$AC$2))),INDIRECT("'["&G8&"]"&E8&"'!"&$AC$3),0)} -> #VALUE! | R8: {=IF(AND(G8=INDIRECT("'["&G8&"]"&E8&"'!"&$AH$2),OR(I8=INDIRECT("'["&G8&"]"&E8&"'!"&$AD$2))),INDIRECT("'["&G8&"]"&E8&"'!"&$AD$3),0)} -> #VALUE! | S8: {=IF(AND(G8=INDIRECT("'["&G8&"]"&E8&"'!"&$AH$2),OR(I8=INDIRECT("'["&G8&"]"&E8&"'!"&$AE$2))),INDIRECT("'["&G8&"]"&E8&"'!"&$AE$3),0)} -> #VALUE! | T8: {=IF(AND(G8=INDIRECT("'["&G8&"]"&E8&"'!"&$AH$2),OR(I8=INDIRECT("'["&G8&"]"&E8&"'!"&$AF$2))),INDIRECT("'["&G8&"]"&E8&"'!"&$AF$3),0)} -> #VALUE! | U8: {=IF(AND(G8=INDIRECT("'["&G8&"]"&E8&"'!"&$AH$2),OR(I8=INDIRECT("'["&G8&"]"&E8&"'!"&$AG$2))),INDIRECT("'["&G8&"]"&E8&"'!"&$AG$3),0)} -> #VALUE! | V8: =MID(B8,7,9) | W8: {=IF(AND(G8=INDIRECT("'["&G8&"]"&E8&"'!"&$AH$2),OR(V8=INDIRECT("'["&G8&"]"&E8&"'!"&$AI$2))),INDIRECT("'["&G8&"]"&E8&"'!"&$AI$3),0)} -> #VALUE! | AJ8: 1 | AK8: =(C8*AJ8%) -> 0 | AL8: =C8-AK8 -> 0 | AM8: =IF(A8<>"",IF(AM8="",NOW(),AM8),"") | AN8: =IF(VALUE(N8),"/","") -> #VALUE! | AO8: =IF(VALUE(O8),"/","") -> #VALUE! | AP8: =IF(ISTEXT(W8),"อายัด","") | AQ8: =IF(AND(C8<>0, C9=0), SUM($C$2:C8)-SUM($AQ$1:AQ7), "") | AR8: =IF(AND(AK8<>0, AK9=0), SUM($AK$2:AK8)-SUM($AR$1:AR7), "")
B9: =LEFT(A9,15) | C9: {=SUM(IF(ISNUMBER(M9:U9),M9:U9,""))} -> 0 | D9: =MID(A9,4,2) | E9: =IF(ISEVEN(D9),D9-1,VALUE(D9)) -> #VALUE! | F9: =LEFT(A9,2) | G9: =CONCATENATE(F9,".xlsx") -> .xlsx | H9: {=IF(AND(VALUE(E9)=INDIRECT("'["&G9&"]"&E9&"'!"&$X$2),G9=INDIRECT("'["&G9&"]"&E9&"'!"&$X$3)),INDIRECT("'["&G9&"]"&E9&"'!"&$X$1),0)} -> #VALUE! | I9: =MID(A9,10,6) | J9: =RIGHT(I9,2) | K9: =LEFT(I9,3) | L9: =RIGHT(I9,3) | M9: {=IF(AND(J9=INDIRECT("'["&G9&"]"&E9&"'!"&$Y$2),G9=INDIRECT("'["&G9&"]"&E9&"'!"&$AH$2)),INDIRECT("'["&G9&"]"&E9&"'!"&$Y$3),0)} -> #VALUE! | N9: {=IF(AND(G9=INDIRECT("'["&G9&"]"&E9&"'!"&$AH$2),OR(K9=INDIRECT("'["&G9&"]"&E9&"'!"&$Z$2))),INDIRECT("'["&G9&"]"&E9&"'!"&$Z$3),0)} -> #VALUE! | O9: {=IF(AND(G9=INDIRECT("'["&G9&"]"&E9&"'!"&$AH$2),OR(L9=INDIRECT("'["&G9&"]"&E9&"'!"&$AA$2))),INDIRECT("'["&G9&"]"&E9&"'!"&$AA$3),0)} -> #VALUE! | P9: {=IF(AND(G9=INDIRECT("'["&G9&"]"&E9&"'!"&$AH$2),OR(VALUE(I9)=INDIRECT("'["&G9&"]"&E9&"'!"&$AB$2))),INDIRECT("'["&G9&"]"&E9&"'!"&$AB$3),0)} -> #VALUE! | Q9: {=IF(AND(G9=INDIRECT("'["&G9&"]"&E9&"'!"&$AH$2),OR(VALUE(I9)=INDIRECT("'["&G9&"]"&E9&"'!"&$AC$2))),INDIRECT("'["&G9&"]"&E9&"'!"&$AC$3),0)} -> #VALUE! | R9: {=IF(AND(G9=INDIRECT("'["&G9&"]"&E9&"'!"&$AH$2),OR(I9=INDIRECT("'["&G9&"]"&E9&"'!"&$AD$2))),INDIRECT("'["&G9&"]"&E9&"'!"&$AD$3),0)} -> #VALUE! | S9: {=IF(AND(G9=INDIRECT("'["&G9&"]"&E9&"'!"&$AH$2),OR(I9=INDIRECT("'["&G9&"]"&E9&"'!"&$AE$2))),INDIRECT("'["&G9&"]"&E9&"'!"&$AE$3),0)} -> #VALUE! | T9: {=IF(AND(G9=INDIRECT("'["&G9&"]"&E9&"'!"&$AH$2),OR(I9=INDIRECT("'["&G9&"]"&E9&"'!"&$AF$2))),INDIRECT("'["&G9&"]"&E9&"'!"&$AF$3),0)} -> #VALUE! | U9: {=IF(AND(G9=INDIRECT("'["&G9&"]"&E9&"'!"&$AH$2),OR(I9=INDIRECT("'["&G9&"]"&E9&"'!"&$AG$2))),INDIRECT("'["&G9&"]"&E9&"'!"&$AG$3),0)} -> #VALUE! | V9: =MID(B9,7,9) | W9: {=IF(AND(G9=INDIRECT("'["&G9&"]"&E9&"'!"&$AH$2),OR(V9=INDIRECT("'["&G9&"]"&E9&"'!"&$AI$2))),INDIRECT("'["&G9&"]"&E9&"'!"&$AI$3),0)} -> #VALUE! | AJ9: 1 | AK9: =(C9*AJ9%) -> 0 | AL9: =C9-AK9 -> 0 | AM9: =IF(A9<>"",IF(AM9="",NOW(),AM9),"") | AN9: =IF(VALUE(N9),"/","") -> #VALUE! | AO9: =IF(VALUE(O9),"/","") -> #VALUE! | AP9: =IF(ISTEXT(W9),"อายัด","") | AQ9: =IF(AND(C9<>0, C10=0), SUM($C$2:C9)-SUM($AQ$1:AQ8), "") | AR9: =IF(AND(AK9<>0, AK10=0), SUM($AK$2:AK9)-SUM($AR$1:AR8), "")
B10: =LEFT(A10,15) | C10: {=SUM(IF(ISNUMBER(M10:U10),M10:U10,""))} -> 0 | D10: =MID(A10,4,2) | E10: =IF(ISEVEN(D10),D10-1,VALUE(D10)) -> #VALUE! | F10: =LEFT(A10,2) | G10: =CONCATENATE(F10,".xlsx") -> .xlsx | H10: {=IF(AND(VALUE(E10)=INDIRECT("'["&G10&"]"&E10&"'!"&$X$2),G10=INDIRECT("'["&G10&"]"&E10&"'!"&$X$3)),INDIRECT("'["&G10&"]"&E10&"'!"&$X$1),0)} -> #VALUE! | I10: =MID(A10,10,6) | J10: =RIGHT(I10,2) | K10: =LEFT(I10,3) | L10: =RIGHT(I10,3) | M10: {=IF(AND(J10=INDIRECT("'["&G10&"]"&E10&"'!"&$Y$2),G10=INDIRECT("'["&G10&"]"&E10&"'!"&$AH$2)),INDIRECT("'["&G10&"]"&E10&"'!"&$Y$3),0)} -> #VALUE! | N10: {=IF(AND(G10=INDIRECT("'["&G10&"]"&E10&"'!"&$AH$2),OR(K10=INDIRECT("'["&G10&"]"&E10&"'!"&$Z$2))),INDIRECT("'["&G10&"]"&E10&"'!"&$Z$3),0)} -> #VALUE! | O10: {=IF(AND(G10=INDIRECT("'["&G10&"]"&E10&"'!"&$AH$2),OR(L10=INDIRECT("'["&G10&"]"&E10&"'!"&$AA$2))),INDIRECT("'["&G10&"]"&E10&"'!"&$AA$3),0)} -> #VALUE! | P10: {=IF(AND(G10=INDIRECT("'["&G10&"]"&E10&"'!"&$AH$2),OR(VALUE(I10)=INDIRECT("'["&G10&"]"&E10&"'!"&$AB$2))),INDIRECT("'["&G10&"]"&E10&"'!"&$AB$3),0)} -> #VALUE! | Q10: {=IF(AND(G10=INDIRECT("'["&G10&"]"&E10&"'!"&$AH$2),OR(VALUE(I10)=INDIRECT("'["&G10&"]"&E10&"'!"&$AC$2))),INDIRECT("'["&G10&"]"&E10&"'!"&$AC$3),0)} -> #VALUE! | R10: {=IF(AND(G10=INDIRECT("'["&G10&"]"&E10&"'!"&$AH$2),OR(I10=INDIRECT("'["&G10&"]"&E10&"'!"&$AD$2))),INDIRECT("'["&G10&"]"&E10&"'!"&$AD$3),0)} -> #VALUE! | S10: {=IF(AND(G10=INDIRECT("'["&G10&"]"&E10&"'!"&$AH$2),OR(I10=INDIRECT("'["&G10&"]"&E10&"'!"&$AE$2))),INDIRECT("'["&G10&"]"&E10&"'!"&$AE$3),0)} -> #VALUE! | T10: {=IF(AND(G10=INDIRECT("'["&G10&"]"&E10&"'!"&$AH$2),OR(I10=INDIRECT("'["&G10&"]"&E10&"'!"&$AF$2))),INDIRECT("'["&G10&"]"&E10&"'!"&$AF$3),0)} -> #VALUE! | U10: {=IF(AND(G10=INDIRECT("'["&G10&"]"&E10&"'!"&$AH$2),OR(I10=INDIRECT("'["&G10&"]"&E10&"'!"&$AG$2))),INDIRECT("'["&G10&"]"&E10&"'!"&$AG$3),0)} -> #VALUE! | V10: =MID(B10,7,9) | W10: {=IF(AND(G10=INDIRECT("'["&G10&"]"&E10&"'!"&$AH$2),OR(V10=INDIRECT("'["&G10&"]"&E10&"'!"&$AI$2))),INDIRECT("'["&G10&"]"&E10&"'!"&$AI$3),0)} -> #VALUE! | AJ10: 1 | AK10: =(C10*AJ10%) -> 0 | AL10: =C10-AK10 -> 0 | AM10: =IF(A10<>"",IF(AM10="",NOW(),AM10),"") | AN10: =IF(VALUE(N10),"/","") -> #VALUE! | AO10: =IF(VALUE(O10),"/","") -> #VALUE! | AP10: =IF(ISTEXT(W10),"อายัด","") | AQ10: =IF(AND(C10<>0, C11=0), SUM($C$2:C10)-SUM($AQ$1:AQ9), "") | AR10: =IF(AND(AK10<>0, AK11=0), SUM($AK$2:AK10)-SUM($AR$1:AR9), "")
B11: =LEFT(A11,15) | C11: {=SUM(IF(ISNUMBER(M11:U11),M11:U11,""))} -> 0 | D11: =MID(A11,4,2) | E11: =IF(ISEVEN(D11),D11-1,VALUE(D11)) -> #VALUE! | F11: =LEFT(A11,2) | G11: =CONCATENATE(F11,".xlsx") -> .xlsx | H11: {=IF(AND(VALUE(E11)=INDIRECT("'["&G11&"]"&E11&"'!"&$X$2),G11=INDIRECT("'["&G11&"]"&E11&"'!"&$X$3)),INDIRECT("'["&G11&"]"&E11&"'!"&$X$1),0)} -> #VALUE! | I11: =MID(A11,10,6) | J11: =RIGHT(I11,2) | K11: =LEFT(I11,3) | L11: =RIGHT(I11,3) | M11: {=IF(AND(J11=INDIRECT("'["&G11&"]"&E11&"'!"&$Y$2),G11=INDIRECT("'["&G11&"]"&E11&"'!"&$AH$2)),INDIRECT("'["&G11&"]"&E11&"'!"&$Y$3),0)} -> #VALUE! | N11: {=IF(AND(G11=INDIRECT("'["&G11&"]"&E11&"'!"&$AH$2),OR(K11=INDIRECT("'["&G11&"]"&E11&"'!"&$Z$2))),INDIRECT("'["&G11&"]"&E11&"'!"&$Z$3),0)} -> #VALUE! | O11: {=IF(AND(G11=INDIRECT("'["&G11&"]"&E11&"'!"&$AH$2),OR(L11=INDIRECT("'["&G11&"]"&E11&"'!"&$AA$2))),INDIRECT("'["&G11&"]"&E11&"'!"&$AA$3),0)} -> #VALUE! | P11: {=IF(AND(G11=INDIRECT("'["&G11&"]"&E11&"'!"&$AH$2),OR(VALUE(I11)=INDIRECT("'["&G11&"]"&E11&"'!"&$AB$2))),INDIRECT("'["&G11&"]"&E11&"'!"&$AB$3),0)} -> #VALUE! | Q11: {=IF(AND(G11=INDIRECT("'["&G11&"]"&E11&"'!"&$AH$2),OR(VALUE(I11)=INDIRECT("'["&G11&"]"&E11&"'!"&$AC$2))),INDIRECT("'["&G11&"]"&E11&"'!"&$AC$3),0)} -> #VALUE! | R11: {=IF(AND(G11=INDIRECT("'["&G11&"]"&E11&"'!"&$AH$2),OR(I11=INDIRECT("'["&G11&"]"&E11&"'!"&$AD$2))),INDIRECT("'["&G11&"]"&E11&"'!"&$AD$3),0)} -> #VALUE! | S11: {=IF(AND(G11=INDIRECT("'["&G11&"]"&E11&"'!"&$AH$2),OR(I11=INDIRECT("'["&G11&"]"&E11&"'!"&$AE$2))),INDIRECT("'["&G11&"]"&E11&"'!"&$AE$3),0)} -> #VALUE! | T11: {=IF(AND(G11=INDIRECT("'["&G11&"]"&E11&"'!"&$AH$2),OR(I11=INDIRECT("'["&G11&"]"&E11&"'!"&$AF$2))),INDIRECT("'["&G11&"]"&E11&"'!"&$AF$3),0)} -> #VALUE! | U11: {=IF(AND(G11=INDIRECT("'["&G11&"]"&E11&"'!"&$AH$2),OR(I11=INDIRECT("'["&G11&"]"&E11&"'!"&$AG$2))),INDIRECT("'["&G11&"]"&E11&"'!"&$AG$3),0)} -> #VALUE! | V11: =MID(B11,7,9) | W11: {=IF(AND(G11=INDIRECT("'["&G11&"]"&E11&"'!"&$AH$2),OR(V11=INDIRECT("'["&G11&"]"&E11&"'!"&$AI$2))),INDIRECT("'["&G11&"]"&E11&"'!"&$AI$3),0)} -> #VALUE! | AJ11: 1 | AK11: =(C11*AJ11%) -> 0 | AL11: =C11-AK11 -> 0 | AM11: =IF(A11<>"",IF(AM11="",NOW(),AM11),"") | AN11: =IF(VALUE(N11),"/","") -> #VALUE! | AO11: =IF(VALUE(O11),"/","") -> #VALUE! | AP11: =IF(ISTEXT(W11),"อายัด","") | AQ11: =IF(AND(C11<>0, C12=0), SUM($C$2:C11)-SUM($AQ$1:AQ10), "") | AR11: =IF(AND(AK11<>0, AK12=0), SUM($AK$2:AK11)-SUM($AR$1:AR10), "")
B12: =LEFT(A12,15) | C12: {=SUM(IF(ISNUMBER(M12:U12),M12:U12,""))} -> 0 | D12: =MID(A12,4,2) | E12: =IF(ISEVEN(D12),D12-1,VALUE(D12)) -> #VALUE! | F12: =LEFT(A12,2) | G12: =CONCATENATE(F12,".xlsx") -> .xlsx | H12: {=IF(AND(VALUE(E12)=INDIRECT("'["&G12&"]"&E12&"'!"&$X$2),G12=INDIRECT("'["&G12&"]"&E12&"'!"&$X$3)),INDIRECT("'["&G12&"]"&E12&"'!"&$X$1),0)} -> #VALUE! | I12: =MID(A12,10,6) | J12: =RIGHT(I12,2) | K12: =LEFT(I12,3) | L12: =RIGHT(I12,3) | M12: {=IF(AND(J12=INDIRECT("'["&G12&"]"&E12&"'!"&$Y$2),G12=INDIRECT("'["&G12&"]"&E12&"'!"&$AH$2)),INDIRECT("'["&G12&"]"&E12&"'!"&$Y$3),0)} -> #VALUE! | N12: {=IF(AND(G12=INDIRECT("'["&G12&"]"&E12&"'!"&$AH$2),OR(K12=INDIRECT("'["&G12&"]"&E12&"'!"&$Z$2))),INDIRECT("'["&G12&"]"&E12&"'!"&$Z$3),0)} -> #VALUE! | O12: {=IF(AND(G12=INDIRECT("'["&G12&"]"&E12&"'!"&$AH$2),OR(L12=INDIRECT("'["&G12&"]"&E12&"'!"&$AA$2))),INDIRECT("'["&G12&"]"&E12&"'!"&$AA$3),0)} -> #VALUE! | P12: {=IF(AND(G12=INDIRECT("'["&G12&"]"&E12&"'!"&$AH$2),OR(VALUE(I12)=INDIRECT("'["&G12&"]"&E12&"'!"&$AB$2))),INDIRECT("'["&G12&"]"&E12&"'!"&$AB$3),0)} -> #VALUE! | Q12: {=IF(AND(G12=INDIRECT("'["&G12&"]"&E12&"'!"&$AH$2),OR(VALUE(I12)=INDIRECT("'["&G12&"]"&E12&"'!"&$AC$2))),INDIRECT("'["&G12&"]"&E12&"'!"&$AC$3),0)} -> #VALUE! | R12: {=IF(AND(G12=INDIRECT("'["&G12&"]"&E12&"'!"&$AH$2),OR(I12=INDIRECT("'["&G12&"]"&E12&"'!"&$AD$2))),INDIRECT("'["&G12&"]"&E12&"'!"&$AD$3),0)} -> #VALUE! | S12: {=IF(AND(G12=INDIRECT("'["&G12&"]"&E12&"'!"&$AH$2),OR(I12=INDIRECT("'["&G12&"]"&E12&"'!"&$AE$2))),INDIRECT("'["&G12&"]"&E12&"'!"&$AE$3),0)} -> #VALUE! | T12: {=IF(AND(G12=INDIRECT("'["&G12&"]"&E12&"'!"&$AH$2),OR(I12=INDIRECT("'["&G12&"]"&E12&"'!"&$AF$2))),INDIRECT("'["&G12&"]"&E12&"'!"&$AF$3),0)} -> #VALUE! | U12: {=IF(AND(G12=INDIRECT("'["&G12&"]"&E12&"'!"&$AH$2),OR(I12=INDIRECT("'["&G12&"]"&E12&"'!"&$AG$2))),INDIRECT("'["&G12&"]"&E12&"'!"&$AG$3),0)} -> #VALUE! | V12: =MID(B12,7,9) | W12: {=IF(AND(G12=INDIRECT("'["&G12&"]"&E12&"'!"&$AH$2),OR(V12=INDIRECT("'["&G12&"]"&E12&"'!"&$AI$2))),INDIRECT("'["&G12&"]"&E12&"'!"&$AI$3),0)} -> #VALUE! | AJ12: 1 | AK12: =(C12*AJ12%) -> 0 | AL12: =C12-AK12 -> 0 | AM12: =IF(A12<>"",IF(AM12="",NOW(),AM12),"") | AN12: =IF(VALUE(N12),"/","") -> #VALUE! | AO12: =IF(VALUE(O12),"/","") -> #VALUE! | AP12: =IF(ISTEXT(W12),"อายัด","") | AQ12: =IF(AND(C12<>0, C13=0), SUM($C$2:C12)-SUM($AQ$1:AQ11), "") | AR12: =IF(AND(AK12<>0, AK13=0), SUM($AK$2:AK12)-SUM($AR$1:AR11), "")
B13: =LEFT(A13,15) | C13: {=SUM(IF(ISNUMBER(M13:U13),M13:U13,""))} -> 0 | D13: =MID(A13,4,2) | E13: =IF(ISEVEN(D13),D13-1,VALUE(D13)) -> #VALUE! | F13: =LEFT(A13,2) | G13: =CONCATENATE(F13,".xlsx") -> .xlsx | H13: {=IF(AND(VALUE(E13)=INDIRECT("'["&G13&"]"&E13&"'!"&$X$2),G13=INDIRECT("'["&G13&"]"&E13&"'!"&$X$3)),INDIRECT("'["&G13&"]"&E13&"'!"&$X$1),0)} -> #VALUE! | I13: =MID(A13,10,6) | J13: =RIGHT(I13,2) | K13: =LEFT(I13,3) | L13: =RIGHT(I13,3) | M13: {=IF(AND(J13=INDIRECT("'["&G13&"]"&E13&"'!"&$Y$2),G13=INDIRECT("'["&G13&"]"&E13&"'!"&$AH$2)),INDIRECT("'["&G13&"]"&E13&"'!"&$Y$3),0)} -> #VALUE! | N13: {=IF(AND(G13=INDIRECT("'["&G13&"]"&E13&"'!"&$AH$2),OR(K13=INDIRECT("'["&G13&"]"&E13&"'!"&$Z$2))),INDIRECT("'["&G13&"]"&E13&"'!"&$Z$3),0)} -> #VALUE! | O13: {=IF(AND(G13=INDIRECT("'["&G13&"]"&E13&"'!"&$AH$2),OR(L13=INDIRECT("'["&G13&"]"&E13&"'!"&$AA$2))),INDIRECT("'["&G13&"]"&E13&"'!"&$AA$3),0)} -> #VALUE! | P13: {=IF(AND(G13=INDIRECT("'["&G13&"]"&E13&"'!"&$AH$2),OR(VALUE(I13)=INDIRECT("'["&G13&"]"&E13&"'!"&$AB$2))),INDIRECT("'["&G13&"]"&E13&"'!"&$AB$3),0)} -> #VALUE! | Q13: {=IF(AND(G13=INDIRECT("'["&G13&"]"&E13&"'!"&$AH$2),OR(VALUE(I13)=INDIRECT("'["&G13&"]"&E13&"'!"&$AC$2))),INDIRECT("'["&G13&"]"&E13&"'!"&$AC$3),0)} -> #VALUE! | R13: {=IF(AND(G13=INDIRECT("'["&G13&"]"&E13&"'!"&$AH$2),OR(I13=INDIRECT("'["&G13&"]"&E13&"'!"&$AD$2))),INDIRECT("'["&G13&"]"&E13&"'!"&$AD$3),0)} -> #VALUE! | S13: {=IF(AND(G13=INDIRECT("'["&G13&"]"&E13&"'!"&$AH$2),OR(I13=INDIRECT("'["&G13&"]"&E13&"'!"&$AE$2))),INDIRECT("'["&G13&"]"&E13&"'!"&$AE$3),0)} -> #VALUE! | T13: {=IF(AND(G13=INDIRECT("'["&G13&"]"&E13&"'!"&$AH$2),OR(I13=INDIRECT("'["&G13&"]"&E13&"'!"&$AF$2))),INDIRECT("'["&G13&"]"&E13&"'!"&$AF$3),0)} -> #VALUE! | U13: {=IF(AND(G13=INDIRECT("'["&G13&"]"&E13&"'!"&$AH$2),OR(I13=INDIRECT("'["&G13&"]"&E13&"'!"&$AG$2))),INDIRECT("'["&G13&"]"&E13&"'!"&$AG$3),0)} -> #VALUE! | V13: =MID(B13,7,9) | W13: {=IF(AND(G13=INDIRECT("'["&G13&"]"&E13&"'!"&$AH$2),OR(V13=INDIRECT("'["&G13&"]"&E13&"'!"&$AI$2))),INDIRECT("'["&G13&"]"&E13&"'!"&$AI$3),0)} -> #VALUE! | AJ13: 1 | AK13: =(C13*AJ13%) -> 0 | AL13: =C13-AK13 -> 0 | AM13: =IF(A13<>"",IF(AM13="",NOW(),AM13),"") | AN13: =IF(VALUE(N13),"/","") -> #VALUE! | AO13: =IF(VALUE(O13),"/","") -> #VALUE! | AP13: =IF(ISTEXT(W13),"อายัด","") | AQ13: =IF(AND(C13<>0, C14=0), SUM($C$2:C13)-SUM($AQ$1:AQ12), "") | AR13: =IF(AND(AK13<>0, AK14=0), SUM($AK$2:AK13)-SUM($AR$1:AR12), "")
B14: =LEFT(A14,15) | C14: {=SUM(IF(ISNUMBER(M14:U14),M14:U14,""))} -> 0 | D14: =MID(A14,4,2) | E14: =IF(ISEVEN(D14),D14-1,VALUE(D14)) -> #VALUE! | F14: =LEFT(A14,2) | G14: =CONCATENATE(F14,".xlsx") -> .xlsx | H14: {=IF(AND(VALUE(E14)=INDIRECT("'["&G14&"]"&E14&"'!"&$X$2),G14=INDIRECT("'["&G14&"]"&E14&"'!"&$X$3)),INDIRECT("'["&G14&"]"&E14&"'!"&$X$1),0)} -> #VALUE! | I14: =MID(A14,10,6) | J14: =RIGHT(I14,2) | K14: =LEFT(I14,3) | L14: =RIGHT(I14,3) | M14: {=IF(AND(J14=INDIRECT("'["&G14&"]"&E14&"'!"&$Y$2),G14=INDIRECT("'["&G14&"]"&E14&"'!"&$AH$2)),INDIRECT("'["&G14&"]"&E14&"'!"&$Y$3),0)} -> #VALUE! | N14: {=IF(AND(G14=INDIRECT("'["&G14&"]"&E14&"'!"&$AH$2),OR(K14=INDIRECT("'["&G14&"]"&E14&"'!"&$Z$2))),INDIRECT("'["&G14&"]"&E14&"'!"&$Z$3),0)} -> #VALUE! | O14: {=IF(AND(G14=INDIRECT("'["&G14&"]"&E14&"'!"&$AH$2),OR(L14=INDIRECT("'["&G14&"]"&E14&"'!"&$AA$2))),INDIRECT("'["&G14&"]"&E14&"'!"&$AA$3),0)} -> #VALUE! | P14: {=IF(AND(G14=INDIRECT("'["&G14&"]"&E14&"'!"&$AH$2),OR(VALUE(I14)=INDIRECT("'["&G14&"]"&E14&"'!"&$AB$2))),INDIRECT("'["&G14&"]"&E14&"'!"&$AB$3),0)} -> #VALUE! | Q14: {=IF(AND(G14=INDIRECT("'["&G14&"]"&E14&"'!"&$AH$2),OR(VALUE(I14)=INDIRECT("'["&G14&"]"&E14&"'!"&$AC$2))),INDIRECT("'["&G14&"]"&E14&"'!"&$AC$3),0)} -> #VALUE! | R14: {=IF(AND(G14=INDIRECT("'["&G14&"]"&E14&"'!"&$AH$2),OR(I14=INDIRECT("'["&G14&"]"&E14&"'!"&$AD$2))),INDIRECT("'["&G14&"]"&E14&"'!"&$AD$3),0)} -> #VALUE! | S14: {=IF(AND(G14=INDIRECT("'["&G14&"]"&E14&"'!"&$AH$2),OR(I14=INDIRECT("'["&G14&"]"&E14&"'!"&$AE$2))),INDIRECT("'["&G14&"]"&E14&"'!"&$AE$3),0)} -> #VALUE! | T14: {=IF(AND(G14=INDIRECT("'["&G14&"]"&E14&"'!"&$AH$2),OR(I14=INDIRECT("'["&G14&"]"&E14&"'!"&$AF$2))),INDIRECT("'["&G14&"]"&E14&"'!"&$AF$3),0)} -> #VALUE! | U14: {=IF(AND(G14=INDIRECT("'["&G14&"]"&E14&"'!"&$AH$2),OR(I14=INDIRECT("'["&G14&"]"&E14&"'!"&$AG$2))),INDIRECT("'["&G14&"]"&E14&"'!"&$AG$3),0)} -> #VALUE! | V14: =MID(B14,7,9) | W14: {=IF(AND(G14=INDIRECT("'["&G14&"]"&E14&"'!"&$AH$2),OR(V14=INDIRECT("'["&G14&"]"&E14&"'!"&$AI$2))),INDIRECT("'["&G14&"]"&E14&"'!"&$AI$3),0)} -> #VALUE! | AJ14: 1 | AK14: =(C14*AJ14%) -> 0 | AL14: =C14-AK14 -> 0 | AM14: =IF(A14<>"",IF(AM14="",NOW(),AM14),"") | AN14: =IF(VALUE(N14),"/","") -> #VALUE! | AO14: =IF(VALUE(O14),"/","") -> #VALUE! | AP14: =IF(ISTEXT(W14),"อายัด","") | AQ14: =IF(AND(C14<>0, C15=0), SUM($C$2:C14)-SUM($AQ$1:AQ13), "") | AR14: =IF(AND(AK14<>0, AK15=0), SUM($AK$2:AK14)-SUM($AR$1:AR13), "")
B15: =LEFT(A15,15) | C15: {=SUM(IF(ISNUMBER(M15:U15),M15:U15,""))} -> 0 | D15: =MID(A15,4,2) | E15: =IF(ISEVEN(D15),D15-1,VALUE(D15)) -> #VALUE! | F15: =LEFT(A15,2) | G15: =CONCATENATE(F15,".xlsx") -> .xlsx | H15: {=IF(AND(VALUE(E15)=INDIRECT("'["&G15&"]"&E15&"'!"&$X$2),G15=INDIRECT("'["&G15&"]"&E15&"'!"&$X$3)),INDIRECT("'["&G15&"]"&E15&"'!"&$X$1),0)} -> #VALUE! | I15: =MID(A15,10,6) | J15: =RIGHT(I15,2) | K15: =LEFT(I15,3) | L15: =RIGHT(I15,3) | M15: {=IF(AND(J15=INDIRECT("'["&G15&"]"&E15&"'!"&$Y$2),G15=INDIRECT("'["&G15&"]"&E15&"'!"&$AH$2)),INDIRECT("'["&G15&"]"&E15&"'!"&$Y$3),0)} -> #VALUE! | N15: {=IF(AND(G15=INDIRECT("'["&G15&"]"&E15&"'!"&$AH$2),OR(K15=INDIRECT("'["&G15&"]"&E15&"'!"&$Z$2))),INDIRECT("'["&G15&"]"&E15&"'!"&$Z$3),0)} -> #VALUE! | O15: {=IF(AND(G15=INDIRECT("'["&G15&"]"&E15&"'!"&$AH$2),OR(L15=INDIRECT("'["&G15&"]"&E15&"'!"&$AA$2))),INDIRECT("'["&G15&"]"&E15&"'!"&$AA$3),0)} -> #VALUE! | P15: {=IF(AND(G15=INDIRECT("'["&G15&"]"&E15&"'!"&$AH$2),OR(VALUE(I15)=INDIRECT("'["&G15&"]"&E15&"'!"&$AB$2))),INDIRECT("'["&G15&"]"&E15&"'!"&$AB$3),0)} -> #VALUE! | Q15: {=IF(AND(G15=INDIRECT("'["&G15&"]"&E15&"'!"&$AH$2),OR(VALUE(I15)=INDIRECT("'["&G15&"]"&E15&"'!"&$AC$2))),INDIRECT("'["&G15&"]"&E15&"'!"&$AC$3),0)} -> #VALUE! | R15: {=IF(AND(G15=INDIRECT("'["&G15&"]"&E15&"'!"&$AH$2),OR(I15=INDIRECT("'["&G15&"]"&E15&"'!"&$AD$2))),INDIRECT("'["&G15&"]"&E15&"'!"&$AD$3),0)} -> #VALUE! | S15: {=IF(AND(G15=INDIRECT("'["&G15&"]"&E15&"'!"&$AH$2),OR(I15=INDIRECT("'["&G15&"]"&E15&"'!"&$AE$2))),INDIRECT("'["&G15&"]"&E15&"'!"&$AE$3),0)} -> #VALUE! | T15: {=IF(AND(G15=INDIRECT("'["&G15&"]"&E15&"'!"&$AH$2),OR(I15=INDIRECT("'["&G15&"]"&E15&"'!"&$AF$2))),INDIRECT("'["&G15&"]"&E15&"'!"&$AF$3),0)} -> #VALUE! | U15: {=IF(AND(G15=INDIRECT("'["&G15&"]"&E15&"'!"&$AH$2),OR(I15=INDIRECT("'["&G15&"]"&E15&"'!"&$AG$2))),INDIRECT("'["&G15&"]"&E15&"'!"&$AG$3),0)} -> #VALUE! | V15: =MID(B15,7,9) | W15: {=IF(AND(G15=INDIRECT("'["&G15&"]"&E15&"'!"&$AH$2),OR(V15=INDIRECT("'["&G15&"]"&E15&"'!"&$AI$2))),INDIRECT("'["&G15&"]"&E15&"'!"&$AI$3),0)} -> #VALUE! | AJ15: 1 | AK15: =(C15*AJ15%) -> 0 | AL15: =C15-AK15 -> 0 | AM15: =IF(A15<>"",IF(AM15="",NOW(),AM15),"") | AN15: =IF(VALUE(N15),"/","") -> #VALUE! | AO15: =IF(VALUE(O15),"/","") -> #VALUE! | AP15: =IF(ISTEXT(W15),"อายัด","") | AQ15: =IF(AND(C15<>0, C16=0), SUM($C$2:C15)-SUM($AQ$1:AQ14), "") | AR15: =IF(AND(AK15<>0, AK16=0), SUM($AK$2:AK15)-SUM($AR$1:AR14), "")
B16: =LEFT(A16,15) | C16: {=SUM(IF(ISNUMBER(M16:U16),M16:U16,""))} -> 0 | D16: =MID(A16,4,2) | E16: =IF(ISEVEN(D16),D16-1,VALUE(D16)) -> #VALUE! | F16: =LEFT(A16,2) | G16: =CONCATENATE(F16,".xlsx") -> .xlsx | H16: {=IF(AND(VALUE(E16)=INDIRECT("'["&G16&"]"&E16&"'!"&$X$2),G16=INDIRECT("'["&G16&"]"&E16&"'!"&$X$3)),INDIRECT("'["&G16&"]"&E16&"'!"&$X$1),0)} -> #VALUE! | I16: =MID(A16,10,6) | J16: =RIGHT(I16,2) | K16: =LEFT(I16,3) | L16: =RIGHT(I16,3) | M16: {=IF(AND(J16=INDIRECT("'["&G16&"]"&E16&"'!"&$Y$2),G16=INDIRECT("'["&G16&"]"&E16&"'!"&$AH$2)),INDIRECT("'["&G16&"]"&E16&"'!"&$Y$3),0)} -> #VALUE! | N16: {=IF(AND(G16=INDIRECT("'["&G16&"]"&E16&"'!"&$AH$2),OR(K16=INDIRECT("'["&G16&"]"&E16&"'!"&$Z$2))),INDIRECT("'["&G16&"]"&E16&"'!"&$Z$3),0)} -> #VALUE! | O16: {=IF(AND(G16=INDIRECT("'["&G16&"]"&E16&"'!"&$AH$2),OR(L16=INDIRECT("'["&G16&"]"&E16&"'!"&$AA$2))),INDIRECT("'["&G16&"]"&E16&"'!"&$AA$3),0)} -> #VALUE! | P16: {=IF(AND(G16=INDIRECT("'["&G16&"]"&E16&"'!"&$AH$2),OR(VALUE(I16)=INDIRECT("'["&G16&"]"&E16&"'!"&$AB$2))),INDIRECT("'["&G16&"]"&E16&"'!"&$AB$3),0)} -> #VALUE! | Q16: {=IF(AND(G16=INDIRECT("'["&G16&"]"&E16&"'!"&$AH$2),OR(VALUE(I16)=INDIRECT("'["&G16&"]"&E16&"'!"&$AC$2))),INDIRECT("'["&G16&"]"&E16&"'!"&$AC$3),0)} -> #VALUE! | R16: {=IF(AND(G16=INDIRECT("'["&G16&"]"&E16&"'!"&$AH$2),OR(I16=INDIRECT("'["&G16&"]"&E16&"'!"&$AD$2))),INDIRECT("'["&G16&"]"&E16&"'!"&$AD$3),0)} -> #VALUE! | S16: {=IF(AND(G16=INDIRECT("'["&G16&"]"&E16&"'!"&$AH$2),OR(I16=INDIRECT("'["&G16&"]"&E16&"'!"&$AE$2))),INDIRECT("'["&G16&"]"&E16&"'!"&$AE$3),0)} -> #VALUE! | T16: {=IF(AND(G16=INDIRECT("'["&G16&"]"&E16&"'!"&$AH$2),OR(I16=INDIRECT("'["&G16&"]"&E16&"'!"&$AF$2))),INDIRECT("'["&G16&"]"&E16&"'!"&$AF$3),0)} -> #VALUE! | U16: {=IF(AND(G16=INDIRECT("'["&G16&"]"&E16&"'!"&$AH$2),OR(I16=INDIRECT("'["&G16&"]"&E16&"'!"&$AG$2))),INDIRECT("'["&G16&"]"&E16&"'!"&$AG$3),0)} -> #VALUE! | V16: =MID(B16,7,9) | W16: {=IF(AND(G16=INDIRECT("'["&G16&"]"&E16&"'!"&$AH$2),OR(V16=INDIRECT("'["&G16&"]"&E16&"'!"&$AI$2))),INDIRECT("'["&G16&"]"&E16&"'!"&$AI$3),0)} -> #VALUE! | AJ16: 1 | AK16: =(C16*AJ16%) -> 0 | AL16: =C16-AK16 -> 0 | AM16: =IF(A16<>"",IF(AM16="",NOW(),AM16),"") | AN16: =IF(VALUE(N16),"/","") -> #VALUE! | AO16: =IF(VALUE(O16),"/","") -> #VALUE! | AP16: =IF(ISTEXT(W16),"อายัด","") | AQ16: =IF(AND(C16<>0, C17=0), SUM($C$2:C16)-SUM($AQ$1:AQ15), "") | AR16: =IF(AND(AK16<>0, AK17=0), SUM($AK$2:AK16)-SUM($AR$1:AR15), "")
B17: =LEFT(A17,15) | C17: {=SUM(IF(ISNUMBER(M17:U17),M17:U17,""))} -> 0 | D17: =MID(A17,4,2) | E17: =IF(ISEVEN(D17),D17-1,VALUE(D17)) -> #VALUE! | F17: =LEFT(A17,2) | G17: =CONCATENATE(F17,".xlsx") -> .xlsx | H17: {=IF(AND(VALUE(E17)=INDIRECT("'["&G17&"]"&E17&"'!"&$X$2),G17=INDIRECT("'["&G17&"]"&E17&"'!"&$X$3)),INDIRECT("'["&G17&"]"&E17&"'!"&$X$1),0)} -> #VALUE! | I17: =MID(A17,10,6) | J17: =RIGHT(I17,2) | K17: =LEFT(I17,3) | L17: =RIGHT(I17,3) | M17: {=IF(AND(J17=INDIRECT("'["&G17&"]"&E17&"'!"&$Y$2),G17=INDIRECT("'["&G17&"]"&E17&"'!"&$AH$2)),INDIRECT("'["&G17&"]"&E17&"'!"&$Y$3),0)} -> #VALUE! | N17: {=IF(AND(G17=INDIRECT("'["&G17&"]"&E17&"'!"&$AH$2),OR(K17=INDIRECT("'["&G17&"]"&E17&"'!"&$Z$2))),INDIRECT("'["&G17&"]"&E17&"'!"&$Z$3),0)} -> #VALUE! | O17: {=IF(AND(G17=INDIRECT("'["&G17&"]"&E17&"'!"&$AH$2),OR(L17=INDIRECT("'["&G17&"]"&E17&"'!"&$AA$2))),INDIRECT("'["&G17&"]"&E17&"'!"&$AA$3),0)} -> #VALUE! | P17: {=IF(AND(G17=INDIRECT("'["&G17&"]"&E17&"'!"&$AH$2),OR(VALUE(I17)=INDIRECT("'["&G17&"]"&E17&"'!"&$AB$2))),INDIRECT("'["&G17&"]"&E17&"'!"&$AB$3),0)} -> #VALUE! | Q17: {=IF(AND(G17=INDIRECT("'["&G17&"]"&E17&"'!"&$AH$2),OR(VALUE(I17)=INDIRECT("'["&G17&"]"&E17&"'!"&$AC$2))),INDIRECT("'["&G17&"]"&E17&"'!"&$AC$3),0)} -> #VALUE! | R17: {=IF(AND(G17=INDIRECT("'["&G17&"]"&E17&"'!"&$AH$2),OR(I17=INDIRECT("'["&G17&"]"&E17&"'!"&$AD$2))),INDIRECT("'["&G17&"]"&E17&"'!"&$AD$3),0)} -> #VALUE! | S17: {=IF(AND(G17=INDIRECT("'["&G17&"]"&E17&"'!"&$AH$2),OR(I17=INDIRECT("'["&G17&"]"&E17&"'!"&$AE$2))),INDIRECT("'["&G17&"]"&E17&"'!"&$AE$3),0)} -> #VALUE! | T17: {=IF(AND(G17=INDIRECT("'["&G17&"]"&E17&"'!"&$AH$2),OR(I17=INDIRECT("'["&G17&"]"&E17&"'!"&$AF$2))),INDIRECT("'["&G17&"]"&E17&"'!"&$AF$3),0)} -> #VALUE! | U17: {=IF(AND(G17=INDIRECT("'["&G17&"]"&E17&"'!"&$AH$2),OR(I17=INDIRECT("'["&G17&"]"&E17&"'!"&$AG$2))),INDIRECT("'["&G17&"]"&E17&"'!"&$AG$3),0)} -> #VALUE! | V17: =MID(B17,7,9) | W17: {=IF(AND(G17=INDIRECT("'["&G17&"]"&E17&"'!"&$AH$2),OR(V17=INDIRECT("'["&G17&"]"&E17&"'!"&$AI$2))),INDIRECT("'["&G17&"]"&E17&"'!"&$AI$3),0)} -> #VALUE! | AJ17: 1 | AK17: =(C17*AJ17%) -> 0 | AL17: =C17-AK17 -> 0 | AM17: =IF(A17<>"",IF(AM17="",NOW(),AM17),"") | AN17: =IF(VALUE(N17),"/","") -> #VALUE! | AO17: =IF(VALUE(O17),"/","") -> #VALUE! | AP17: =IF(ISTEXT(W17),"อายัด","") | AQ17: =IF(AND(C17<>0, C18=0), SUM($C$2:C17)-SUM($AQ$1:AQ16), "") | AR17: =IF(AND(AK17<>0, AK18=0), SUM($AK$2:AK17)-SUM($AR$1:AR16), "")
... B319: =LEFT(A319,15) | C319: {=SUM(IF(ISNUMBER(M319:U319),M319:U319,""))} -> 0 | D319: =MID(A319,4,2) | E319: =IF(ISEVEN(D319),D319-1,VALUE(D319)) -> #VALUE! | F319: =LEFT(A319,2) | G319: =CONCATENATE(F319,".xlsx") -> .xlsx | H319: {=IF(AND(VALUE(E319)=INDIRECT("'["&G319&"]"&E319&"'!"&$X$2),G319=INDIRECT("'["&G319&"]"&E319&"'!"&$X$3)),INDIRECT("'["&G319&"]"&E319&"'!"&$X$1),0)} -> #VALUE! | I319: =MID(A319,10,6) | J319: =RIGHT(I319,2) | K319: =LEFT(I319,3) | L319: =RIGHT(I319,3) | M319: {=IF(AND(J319=INDIRECT("'["&G319&"]"&E319&"'!"&$Y$2),G319=INDIRECT("'["&G319&"]"&E319&"'!"&$AH$2)),INDIRECT("'["&G319&"]"&E319&"'!"&$Y$3),0)} -> #VALUE! | N319: {=IF(AND(G319=INDIRECT("'["&G319&"]"&E319&"'!"&$AH$2),OR(K319=INDIRECT("'["&G319&"]"&E319&"'!"&$Z$2))),INDIRECT("'["&G319&"]"&E319&"'!"&$Z$3),0)} -> #VALUE! | O319: {=IF(AND(G319=INDIRECT("'["&G319&"]"&E319&"'!"&$AH$2),OR(L319=INDIRECT("'["&G319&"]"&E319&"'!"&$AA$2))),INDIRECT("'["&G319&"]"&E319&"'!"&$AA$3),0)} -> #VALUE! | P319: {=IF(AND(G319=INDIRECT("'["&G319&"]"&E319&"'!"&$AH$2),OR(VALUE(I319)=INDIRECT("'["&G319&"]"&E319&"'!"&$AB$2))),INDIRECT("'["&G319&"]"&E319&"'!"&$AB$3),0)} -> #VALUE! | Q319: {=IF(AND(G319=INDIRECT("'["&G319&"]"&E319&"'!"&$AH$2),OR(VALUE(I319)=INDIRECT("'["&G319&"]"&E319&"'!"&$AC$2))),INDIRECT("'["&G319&"]"&E319&"'!"&$AC$3),0)} -> #VALUE! | R319: {=IF(AND(G319=INDIRECT("'["&G319&"]"&E319&"'!"&$AH$2),OR(I319=INDIRECT("'["&G319&"]"&E319&"'!"&$AD$2))),INDIRECT("'["&G319&"]"&E319&"'!"&$AD$3),0)} -> #VALUE! | S319: {=IF(AND(G319=INDIRECT("'["&G319&"]"&E319&"'!"&$AH$2),OR(I319=INDIRECT("'["&G319&"]"&E319&"'!"&$AE$2))),INDIRECT("'["&G319&"]"&E319&"'!"&$AE$3),0)} -> #VALUE! | T319: {=IF(AND(G319=INDIRECT("'["&G319&"]"&E319&"'!"&$AH$2),OR(I319=INDIRECT("'["&G319&"]"&E319&"'!"&$AF$2))),INDIRECT("'["&G319&"]"&E319&"'!"&$AF$3),0)} -> #VALUE! | U319: {=IF(AND(G319=INDIRECT("'["&G319&"]"&E319&"'!"&$AH$2),OR(I319=INDIRECT("'["&G319&"]"&E319&"'!"&$AG$2))),INDIRECT("'["&G319&"]"&E319&"'!"&$AG$3),0)} -> #VALUE! | V319: =MID(B319,7,9) | W319: {=IF(AND(G319=INDIRECT("'["&G319&"]"&E319&"'!"&$AH$2),OR(V319=INDIRECT("'["&G319&"]"&E319&"'!"&$AI$2))),INDIRECT("'["&G319&"]"&E319&"'!"&$AI$3),0)} -> #VALUE! | AJ319: 1 | AK319: =(C319*AJ319%) -> 0 | AL319: =C319-AK319 -> 0 | AM319: =IF(A319<>"",IF(AM319="",NOW(),AM319),"") | AN319: =IF(VALUE(N319),"/","") -> #VALUE! | AO319: =IF(VALUE(O319),"/","") -> #VALUE! | AP319: =IF(ISTEXT(W319),"อายัด","") | AQ319: =IF(AND(C319<>0, C320=0), SUM($C$2:C319)-SUM($AQ$1:AQ318), "") | AR319: =IF(AND(AK319<>0, AK320=0), SUM($AK$2:AK319)-SUM($AR$1:AR318), "")
B320: =LEFT(A320,15) | C320: {=SUM(IF(ISNUMBER(M320:U320),M320:U320,""))} -> 0 | D320: =MID(A320,4,2) | E320: =IF(ISEVEN(D320),D320-1,VALUE(D320)) -> #VALUE! | F320: =LEFT(A320,2) | G320: =CONCATENATE(F320,".xlsx") -> .xlsx | H320: {=IF(AND(VALUE(E320)=INDIRECT("'["&G320&"]"&E320&"'!"&$X$2),G320=INDIRECT("'["&G320&"]"&E320&"'!"&$X$3)),INDIRECT("'["&G320&"]"&E320&"'!"&$X$1),0)} -> #VALUE! | I320: =MID(A320,10,6) | J320: =RIGHT(I320,2) | K320: =LEFT(I320,3) | L320: =RIGHT(I320,3) | M320: {=IF(AND(J320=INDIRECT("'["&G320&"]"&E320&"'!"&$Y$2),G320=INDIRECT("'["&G320&"]"&E320&"'!"&$AH$2)),INDIRECT("'["&G320&"]"&E320&"'!"&$Y$3),0)} -> #VALUE! | N320: {=IF(AND(G320=INDIRECT("'["&G320&"]"&E320&"'!"&$AH$2),OR(K320=INDIRECT("'["&G320&"]"&E320&"'!"&$Z$2))),INDIRECT("'["&G320&"]"&E320&"'!"&$Z$3),0)} -> #VALUE! | O320: {=IF(AND(G320=INDIRECT("'["&G320&"]"&E320&"'!"&$AH$2),OR(L320=INDIRECT("'["&G320&"]"&E320&"'!"&$AA$2))),INDIRECT("'["&G320&"]"&E320&"'!"&$AA$3),0)} -> #VALUE! | P320: {=IF(AND(G320=INDIRECT("'["&G320&"]"&E320&"'!"&$AH$2),OR(VALUE(I320)=INDIRECT("'["&G320&"]"&E320&"'!"&$AB$2))),INDIRECT("'["&G320&"]"&E320&"'!"&$AB$3),0)} -> #VALUE! | Q320: {=IF(AND(G320=INDIRECT("'["&G320&"]"&E320&"'!"&$AH$2),OR(VALUE(I320)=INDIRECT("'["&G320&"]"&E320&"'!"&$AC$2))),INDIRECT("'["&G320&"]"&E320&"'!"&$AC$3),0)} -> #VALUE! | R320: {=IF(AND(G320=INDIRECT("'["&G320&"]"&E320&"'!"&$AH$2),OR(I320=INDIRECT("'["&G320&"]"&E320&"'!"&$AD$2))),INDIRECT("'["&G320&"]"&E320&"'!"&$AD$3),0)} -> #VALUE! | S320: {=IF(AND(G320=INDIRECT("'["&G320&"]"&E320&"'!"&$AH$2),OR(I320=INDIRECT("'["&G320&"]"&E320&"'!"&$AE$2))),INDIRECT("'["&G320&"]"&E320&"'!"&$AE$3),0)} -> #VALUE! | T320: {=IF(AND(G320=INDIRECT("'["&G320&"]"&E320&"'!"&$AH$2),OR(I320=INDIRECT("'["&G320&"]"&E320&"'!"&$AF$2))),INDIRECT("'["&G320&"]"&E320&"'!"&$AF$3),0)} -> #VALUE! | U320: {=IF(AND(G320=INDIRECT("'["&G320&"]"&E320&"'!"&$AH$2),OR(I320=INDIRECT("'["&G320&"]"&E320&"'!"&$AG$2))),INDIRECT("'["&G320&"]"&E320&"'!"&$AG$3),0)} -> #VALUE! | V320: =MID(B320,7,9) | W320: {=IF(AND(G320=INDIRECT("'["&G320&"]"&E320&"'!"&$AH$2),OR(V320=INDIRECT("'["&G320&"]"&E320&"'!"&$AI$2))),INDIRECT("'["&G320&"]"&E320&"'!"&$AI$3),0)} -> #VALUE! | X320: รวม | AJ320: 1 | AK320: =(C320*AJ320%) -> 0 | AL320: =C320-AK320 -> 0 | AM320: =IF(A320<>"",IF(AM320="",NOW(),AM320),"") | AN320: =IF(VALUE(N320),"/","") -> #VALUE! | AO320: =IF(VALUE(O320),"/","") -> #VALUE! | AP320: =IF(ISTEXT(W320),"อายัด","") | AQ320: =IF(AND(C320<>0, C321=0), SUM($C$2:C320)-SUM($AQ$1:AQ319), "") | AR320: =IF(AND(AK320<>0, AK321=0), SUM($AK$2:AK320)-SUM($AR$1:AR319), "")
B321: =LEFT(A321,15) | C321: {=SUM(IF(ISNUMBER(M321:U321),M321:U321,""))} -> 0 | D321: =MID(A321,4,2) | E321: =IF(ISEVEN(D321),D321-1,VALUE(D321)) -> #VALUE! | F321: =LEFT(A321,2) | G321: =CONCATENATE(F321,".xlsx") -> .xlsx | H321: {=IF(AND(VALUE(E321)=INDIRECT("'["&G321&"]"&E321&"'!"&$X$2),G321=INDIRECT("'["&G321&"]"&E321&"'!"&$X$3)),INDIRECT("'["&G321&"]"&E321&"'!"&$X$1),0)} -> #VALUE! | I321: =MID(A321,10,6) | J321: =RIGHT(I321,2) | K321: =LEFT(I321,3) | L321: =RIGHT(I321,3) | M321: {=IF(AND(J321=INDIRECT("'["&G321&"]"&E321&"'!"&$Y$2),G321=INDIRECT("'["&G321&"]"&E321&"'!"&$AH$2)),INDIRECT("'["&G321&"]"&E321&"'!"&$Y$3),0)} -> #VALUE! | N321: {=IF(AND(G321=INDIRECT("'["&G321&"]"&E321&"'!"&$AH$2),OR(K321=INDIRECT("'["&G321&"]"&E321&"'!"&$Z$2))),INDIRECT("'["&G321&"]"&E321&"'!"&$Z$3),0)} -> #VALUE! | O321: {=IF(AND(G321=INDIRECT("'["&G321&"]"&E321&"'!"&$AH$2),OR(L321=INDIRECT("'["&G321&"]"&E321&"'!"&$AA$2))),INDIRECT("'["&G321&"]"&E321&"'!"&$AA$3),0)} -> #VALUE! | P321: {=IF(AND(G321=INDIRECT("'["&G321&"]"&E321&"'!"&$AH$2),OR(VALUE(I321)=INDIRECT("'["&G321&"]"&E321&"'!"&$AB$2))),INDIRECT("'["&G321&"]"&E321&"'!"&$AB$3),0)} -> #VALUE! | Q321: {=IF(AND(G321=INDIRECT("'["&G321&"]"&E321&"'!"&$AH$2),OR(VALUE(I321)=INDIRECT("'["&G321&"]"&E321&"'!"&$AC$2))),INDIRECT("'["&G321&"]"&E321&"'!"&$AC$3),0)} -> #VALUE! | R321: {=IF(AND(G321=INDIRECT("'["&G321&"]"&E321&"'!"&$AH$2),OR(I321=INDIRECT("'["&G321&"]"&E321&"'!"&$AD$2))),INDIRECT("'["&G321&"]"&E321&"'!"&$AD$3),0)} -> #VALUE! | S321: {=IF(AND(G321=INDIRECT("'["&G321&"]"&E321&"'!"&$AH$2),OR(I321=INDIRECT("'["&G321&"]"&E321&"'!"&$AE$2))),INDIRECT("'["&G321&"]"&E321&"'!"&$AE$3),0)} -> #VALUE! | T321: {=IF(AND(G321=INDIRECT("'["&G321&"]"&E321&"'!"&$AH$2),OR(I321=INDIRECT("'["&G321&"]"&E321&"'!"&$AF$2))),INDIRECT("'["&G321&"]"&E321&"'!"&$AF$3),0)} -> #VALUE! | U321: {=IF(AND(G321=INDIRECT("'["&G321&"]"&E321&"'!"&$AH$2),OR(I321=INDIRECT("'["&G321&"]"&E321&"'!"&$AG$2))),INDIRECT("'["&G321&"]"&E321&"'!"&$AG$3),0)} -> #VALUE! | V321: =MID(B321,7,9) | W321: {=IF(AND(G321=INDIRECT("'["&G321&"]"&E321&"'!"&$AH$2),OR(V321=INDIRECT("'["&G321&"]"&E321&"'!"&$AI$2))),INDIRECT("'["&G321&"]"&E321&"'!"&$AI$3),0)} -> #VALUE! | X321: {=SUM(IF(ISNUMBER(C162:C321),C162:C321,""))} -> 0 | AJ321: 1 | AK321: =(C321*AJ321%) -> 0 | AL321: =C321-AK321 -> 0 | AM321: =IF(A321<>"",IF(AM321="",NOW(),AM321),"") | AN321: =IF(VALUE(N321),"/","") -> #VALUE! | AO321: =IF(VALUE(O321),"/","") -> #VALUE! | AP321: =IF(ISTEXT(W321),"อายัด","") | AQ321: =IF(AND(C321<>0, C322=0), SUM($C$2:C321)-SUM($AQ$1:AQ320), "") | AR321: =IF(AND(AK321<>0, AK322=0), SUM($AK$2:AK321)-SUM($AR$1:AR320), "")
B322: =LEFT(A322,15) | C322: {=SUM(IF(ISNUMBER(M322:U322),M322:U322,""))} -> 0 | D322: =MID(A322,4,2) | E322: =IF(ISEVEN(D322),D322-1,VALUE(D322)) -> #VALUE! | F322: =LEFT(A322,2) | G322: =CONCATENATE(F322,".xlsx") -> .xlsx | H322: {=IF(AND(VALUE(E322)=INDIRECT("'["&G322&"]"&E322&"'!"&$X$2),G322=INDIRECT("'["&G322&"]"&E322&"'!"&$X$3)),INDIRECT("'["&G322&"]"&E322&"'!"&$X$1),0)} -> #VALUE! | I322: =MID(A322,10,6) | J322: =RIGHT(I322,2) | K322: =LEFT(I322,3) | L322: =RIGHT(I322,3) | M322: {=IF(AND(J322=INDIRECT("'["&G322&"]"&E322&"'!"&$Y$2),G322=INDIRECT("'["&G322&"]"&E322&"'!"&$AH$2)),INDIRECT("'["&G322&"]"&E322&"'!"&$Y$3),0)} -> #VALUE! | N322: {=IF(AND(G322=INDIRECT("'["&G322&"]"&E322&"'!"&$AH$2),OR(K322=INDIRECT("'["&G322&"]"&E322&"'!"&$Z$2))),INDIRECT("'["&G322&"]"&E322&"'!"&$Z$3),0)} -> #VALUE! | O322: {=IF(AND(G322=INDIRECT("'["&G322&"]"&E322&"'!"&$AH$2),OR(L322=INDIRECT("'["&G322&"]"&E322&"'!"&$AA$2))),INDIRECT("'["&G322&"]"&E322&"'!"&$AA$3),0)} -> #VALUE! | P322: {=IF(AND(G322=INDIRECT("'["&G322&"]"&E322&"'!"&$AH$2),OR(VALUE(I322)=INDIRECT("'["&G322&"]"&E322&"'!"&$AB$2))),INDIRECT("'["&G322&"]"&E322&"'!"&$AB$3),0)} -> #VALUE! | Q322: {=IF(AND(G322=INDIRECT("'["&G322&"]"&E322&"'!"&$AH$2),OR(VALUE(I322)=INDIRECT("'["&G322&"]"&E322&"'!"&$AC$2))),INDIRECT("'["&G322&"]"&E322&"'!"&$AC$3),0)} -> #VALUE! | R322: {=IF(AND(G322=INDIRECT("'["&G322&"]"&E322&"'!"&$AH$2),OR(I322=INDIRECT("'["&G322&"]"&E322&"'!"&$AD$2))),INDIRECT("'["&G322&"]"&E322&"'!"&$AD$3),0)} -> #VALUE! | S322: {=IF(AND(G322=INDIRECT("'["&G322&"]"&E322&"'!"&$AH$2),OR(I322=INDIRECT("'["&G322&"]"&E322&"'!"&$AE$2))),INDIRECT("'["&G322&"]"&E322&"'!"&$AE$3),0)} -> #VALUE! | T322: {=IF(AND(G322=INDIRECT("'["&G322&"]"&E322&"'!"&$AH$2),OR(I322=INDIRECT("'["&G322&"]"&E322&"'!"&$AF$2))),INDIRECT("'["&G322&"]"&E322&"'!"&$AF$3),0)} -> #VALUE! | U322: {=IF(AND(G322=INDIRECT("'["&G322&"]"&E322&"'!"&$AH$2),OR(I322=INDIRECT("'["&G322&"]"&E322&"'!"&$AG$2))),INDIRECT("'["&G322&"]"&E322&"'!"&$AG$3),0)} -> #VALUE! | V322: =MID(B322,7,9) | W322: {=IF(AND(G322=INDIRECT("'["&G322&"]"&E322&"'!"&$AH$2),OR(V322=INDIRECT("'["&G322&"]"&E322&"'!"&$AI$2))),INDIRECT("'["&G322&"]"&E322&"'!"&$AI$3),0)} -> #VALUE! | AJ322: 1 | AK322: =(C322*AJ322%) -> 0 | AL322: =C322-AK322 -> 0 | AM322: =IF(A322<>"",IF(AM322="",NOW(),AM322),"") | AN322: =IF(VALUE(N322),"/","") -> #VALUE! | AO322: =IF(VALUE(O322),"/","") -> #VALUE! | AP322: =IF(ISTEXT(W322),"อายัด","") | AQ322: =IF(AND(C322<>0, C323=0), SUM($C$2:C322)-SUM($AQ$1:AQ321), "") | AR322: =IF(AND(AK322<>0, AK323=0), SUM($AK$2:AK322)-SUM($AR$1:AR321), "")
B323: =LEFT(A323,15) | C323: {=SUM(IF(ISNUMBER(M323:U323),M323:U323,""))} -> 0 | D323: =MID(A323,4,2) | E323: =IF(ISEVEN(D323),D323-1,VALUE(D323)) -> #VALUE! | F323: =LEFT(A323,2) | G323: =CONCATENATE(F323,".xlsx") -> .xlsx | H323: {=IF(AND(VALUE(E323)=INDIRECT("'["&G323&"]"&E323&"'!"&$X$2),G323=INDIRECT("'["&G323&"]"&E323&"'!"&$X$3)),INDIRECT("'["&G323&"]"&E323&"'!"&$X$1),0)} -> #VALUE! | I323: =MID(A323,10,6) | J323: =RIGHT(I323,2) | K323: =LEFT(I323,3) | L323: =RIGHT(I323,3) | M323: {=IF(AND(J323=INDIRECT("'["&G323&"]"&E323&"'!"&$Y$2),G323=INDIRECT("'["&G323&"]"&E323&"'!"&$AH$2)),INDIRECT("'["&G323&"]"&E323&"'!"&$Y$3),0)} -> #VALUE! | N323: {=IF(AND(G323=INDIRECT("'["&G323&"]"&E323&"'!"&$AH$2),OR(K323=INDIRECT("'["&G323&"]"&E323&"'!"&$Z$2))),INDIRECT("'["&G323&"]"&E323&"'!"&$Z$3),0)} -> #VALUE! | O323: {=IF(AND(G323=INDIRECT("'["&G323&"]"&E323&"'!"&$AH$2),OR(L323=INDIRECT("'["&G323&"]"&E323&"'!"&$AA$2))),INDIRECT("'["&G323&"]"&E323&"'!"&$AA$3),0)} -> #VALUE! | P323: {=IF(AND(G323=INDIRECT("'["&G323&"]"&E323&"'!"&$AH$2),OR(VALUE(I323)=INDIRECT("'["&G323&"]"&E323&"'!"&$AB$2))),INDIRECT("'["&G323&"]"&E323&"'!"&$AB$3),0)} -> #VALUE! | Q323: {=IF(AND(G323=INDIRECT("'["&G323&"]"&E323&"'!"&$AH$2),OR(VALUE(I323)=INDIRECT("'["&G323&"]"&E323&"'!"&$AC$2))),INDIRECT("'["&G323&"]"&E323&"'!"&$AC$3),0)} -> #VALUE! | R323: {=IF(AND(G323=INDIRECT("'["&G323&"]"&E323&"'!"&$AH$2),OR(I323=INDIRECT("'["&G323&"]"&E323&"'!"&$AD$2))),INDIRECT("'["&G323&"]"&E323&"'!"&$AD$3),0)} -> #VALUE! | S323: {=IF(AND(G323=INDIRECT("'["&G323&"]"&E323&"'!"&$AH$2),OR(I323=INDIRECT("'["&G323&"]"&E323&"'!"&$AE$2))),INDIRECT("'["&G323&"]"&E323&"'!"&$AE$3),0)} -> #VALUE! | T323: {=IF(AND(G323=INDIRECT("'["&G323&"]"&E323&"'!"&$AH$2),OR(I323=INDIRECT("'["&G323&"]"&E323&"'!"&$AF$2))),INDIRECT("'["&G323&"]"&E323&"'!"&$AF$3),0)} -> #VALUE! | U323: {=IF(AND(G323=INDIRECT("'["&G323&"]"&E323&"'!"&$AH$2),OR(I323=INDIRECT("'["&G323&"]"&E323&"'!"&$AG$2))),INDIRECT("'["&G323&"]"&E323&"'!"&$AG$3),0)} -> #VALUE! | V323: =MID(B323,7,9) | W323: {=IF(AND(G323=INDIRECT("'["&G323&"]"&E323&"'!"&$AH$2),OR(V323=INDIRECT("'["&G323&"]"&E323&"'!"&$AI$2))),INDIRECT("'["&G323&"]"&E323&"'!"&$AI$3),0)} -> #VALUE! | AJ323: 1 | AK323: =(C323*AJ323%) -> 0 | AL323: =C323-AK323 -> 0 | AM323: =IF(A323<>"",IF(AM323="",NOW(),AM323),"") | AN323: =IF(VALUE(N323),"/","") -> #VALUE! | AO323: =IF(VALUE(O323),"/","") -> #VALUE! | AP323: =IF(ISTEXT(W323),"อายัด","") | AQ323: =IF(AND(C323<>0, C324=0), SUM($C$2:C323)-SUM($AQ$1:AQ322), "") | AR323: =IF(AND(AK323<>0, AK324=0), SUM($AK$2:AK323)-SUM($AR$1:AR322), "")
B324: =LEFT(A324,15) | C324: {=SUM(IF(ISNUMBER(M324:U324),M324:U324,""))} -> 0 | D324: =MID(A324,4,2) | E324: =IF(ISEVEN(D324),D324-1,VALUE(D324)) -> #VALUE! | F324: =LEFT(A324,2) | G324: =CONCATENATE(F324,".xlsx") -> .xlsx | H324: {=IF(AND(VALUE(E324)=INDIRECT("'["&G324&"]"&E324&"'!"&$X$2),G324=INDIRECT("'["&G324&"]"&E324&"'!"&$X$3)),INDIRECT("'["&G324&"]"&E324&"'!"&$X$1),0)} -> #VALUE! | I324: =MID(A324,10,6) | J324: =RIGHT(I324,2) | K324: =LEFT(I324,3) | L324: =RIGHT(I324,3) | M324: {=IF(AND(J324=INDIRECT("'["&G324&"]"&E324&"'!"&$Y$2),G324=INDIRECT("'["&G324&"]"&E324&"'!"&$AH$2)),INDIRECT("'["&G324&"]"&E324&"'!"&$Y$3),0)} -> #VALUE! | N324: {=IF(AND(G324=INDIRECT("'["&G324&"]"&E324&"'!"&$AH$2),OR(K324=INDIRECT("'["&G324&"]"&E324&"'!"&$Z$2))),INDIRECT("'["&G324&"]"&E324&"'!"&$Z$3),0)} -> #VALUE! | O324: {=IF(AND(G324=INDIRECT("'["&G324&"]"&E324&"'!"&$AH$2),OR(L324=INDIRECT("'["&G324&"]"&E324&"'!"&$AA$2))),INDIRECT("'["&G324&"]"&E324&"'!"&$AA$3),0)} -> #VALUE! | P324: {=IF(AND(G324=INDIRECT("'["&G324&"]"&E324&"'!"&$AH$2),OR(VALUE(I324)=INDIRECT("'["&G324&"]"&E324&"'!"&$AB$2))),INDIRECT("'["&G324&"]"&E324&"'!"&$AB$3),0)} -> #VALUE! | Q324: {=IF(AND(G324=INDIRECT("'["&G324&"]"&E324&"'!"&$AH$2),OR(VALUE(I324)=INDIRECT("'["&G324&"]"&E324&"'!"&$AC$2))),INDIRECT("'["&G324&"]"&E324&"'!"&$AC$3),0)} -> #VALUE! | R324: {=IF(AND(G324=INDIRECT("'["&G324&"]"&E324&"'!"&$AH$2),OR(I324=INDIRECT("'["&G324&"]"&E324&"'!"&$AD$2))),INDIRECT("'["&G324&"]"&E324&"'!"&$AD$3),0)} -> #VALUE! | S324: {=IF(AND(G324=INDIRECT("'["&G324&"]"&E324&"'!"&$AH$2),OR(I324=INDIRECT("'["&G324&"]"&E324&"'!"&$AE$2))),INDIRECT("'["&G324&"]"&E324&"'!"&$AE$3),0)} -> #VALUE! | T324: {=IF(AND(G324=INDIRECT("'["&G324&"]"&E324&"'!"&$AH$2),OR(I324=INDIRECT("'["&G324&"]"&E324&"'!"&$AF$2))),INDIRECT("'["&G324&"]"&E324&"'!"&$AF$3),0)} -> #VALUE! | U324: {=IF(AND(G324=INDIRECT("'["&G324&"]"&E324&"'!"&$AH$2),OR(I324=INDIRECT("'["&G324&"]"&E324&"'!"&$AG$2))),INDIRECT("'["&G324&"]"&E324&"'!"&$AG$3),0)} -> #VALUE! | V324: =MID(B324,7,9) | W324: {=IF(AND(G324=INDIRECT("'["&G324&"]"&E324&"'!"&$AH$2),OR(V324=INDIRECT("'["&G324&"]"&E324&"'!"&$AI$2))),INDIRECT("'["&G324&"]"&E324&"'!"&$AI$3),0)} -> #VALUE! | AJ324: 1 | AK324: =(C324*AJ324%) -> 0 | AL324: =C324-AK324 -> 0 | AM324: =IF(A324<>"",IF(AM324="",NOW(),AM324),"") | AN324: =IF(VALUE(N324),"/","") -> #VALUE! | AO324: =IF(VALUE(O324),"/","") -> #VALUE! | AP324: =IF(ISTEXT(W324),"อายัด","") | AQ324: =IF(AND(C324<>0, C325=0), SUM($C$2:C324)-SUM($AQ$1:AQ323), "") | AR324: =IF(AND(AK324<>0, AK325=0), SUM($AK$2:AK324)-SUM($AR$1:AR323), "")
B325: =LEFT(A325,15) | C325: {=SUM(IF(ISNUMBER(M325:U325),M325:U325,""))} -> 0 | D325: =MID(A325,4,2) | E325: =IF(ISEVEN(D325),D325-1,VALUE(D325)) -> #VALUE! | F325: =LEFT(A325,2) | G325: =CONCATENATE(F325,".xlsx") -> .xlsx | H325: {=IF(AND(VALUE(E325)=INDIRECT("'["&G325&"]"&E325&"'!"&$X$2),G325=INDIRECT("'["&G325&"]"&E325&"'!"&$X$3)),INDIRECT("'["&G325&"]"&E325&"'!"&$X$1),0)} -> #VALUE! | I325: =MID(A325,10,6) | J325: =RIGHT(I325,2) | K325: =LEFT(I325,3) | L325: =RIGHT(I325,3) | M325: {=IF(AND(J325=INDIRECT("'["&G325&"]"&E325&"'!"&$Y$2),G325=INDIRECT("'["&G325&"]"&E325&"'!"&$AH$2)),INDIRECT("'["&G325&"]"&E325&"'!"&$Y$3),0)} -> #VALUE! | N325: {=IF(AND(G325=INDIRECT("'["&G325&"]"&E325&"'!"&$AH$2),OR(K325=INDIRECT("'["&G325&"]"&E325&"'!"&$Z$2))),INDIRECT("'["&G325&"]"&E325&"'!"&$Z$3),0)} -> #VALUE! | O325: {=IF(AND(G325=INDIRECT("'["&G325&"]"&E325&"'!"&$AH$2),OR(L325=INDIRECT("'["&G325&"]"&E325&"'!"&$AA$2))),INDIRECT("'["&G325&"]"&E325&"'!"&$AA$3),0)} -> #VALUE! | P325: {=IF(AND(G325=INDIRECT("'["&G325&"]"&E325&"'!"&$AH$2),OR(VALUE(I325)=INDIRECT("'["&G325&"]"&E325&"'!"&$AB$2))),INDIRECT("'["&G325&"]"&E325&"'!"&$AB$3),0)} -> #VALUE! | Q325: {=IF(AND(G325=INDIRECT("'["&G325&"]"&E325&"'!"&$AH$2),OR(VALUE(I325)=INDIRECT("'["&G325&"]"&E325&"'!"&$AC$2))),INDIRECT("'["&G325&"]"&E325&"'!"&$AC$3),0)} -> #VALUE! | R325: {=IF(AND(G325=INDIRECT("'["&G325&"]"&E325&"'!"&$AH$2),OR(I325=INDIRECT("'["&G325&"]"&E325&"'!"&$AD$2))),INDIRECT("'["&G325&"]"&E325&"'!"&$AD$3),0)} -> #VALUE! | S325: {=IF(AND(G325=INDIRECT("'["&G325&"]"&E325&"'!"&$AH$2),OR(I325=INDIRECT("'["&G325&"]"&E325&"'!"&$AE$2))),INDIRECT("'["&G325&"]"&E325&"'!"&$AE$3),0)} -> #VALUE! | T325: {=IF(AND(G325=INDIRECT("'["&G325&"]"&E325&"'!"&$AH$2),OR(I325=INDIRECT("'["&G325&"]"&E325&"'!"&$AF$2))),INDIRECT("'["&G325&"]"&E325&"'!"&$AF$3),0)} -> #VALUE! | U325: {=IF(AND(G325=INDIRECT("'["&G325&"]"&E325&"'!"&$AH$2),OR(I325=INDIRECT("'["&G325&"]"&E325&"'!"&$AG$2))),INDIRECT("'["&G325&"]"&E325&"'!"&$AG$3),0)} -> #VALUE! | V325: =MID(B325,7,9) | W325: {=IF(AND(G325=INDIRECT("'["&G325&"]"&E325&"'!"&$AH$2),OR(V325=INDIRECT("'["&G325&"]"&E325&"'!"&$AI$2))),INDIRECT("'["&G325&"]"&E325&"'!"&$AI$3),0)} -> #VALUE! | AJ325: 1 | AK325: =(C325*AJ325%) -> 0 | AL325: =C325-AK325 -> 0 | AM325: =IF(A325<>"",IF(AM325="",NOW(),AM325),"") | AN325: =IF(VALUE(N325),"/","") -> #VALUE! | AO325: =IF(VALUE(O325),"/","") -> #VALUE! | AP325: =IF(ISTEXT(W325),"อายัด","") | AQ325: =IF(AND(C325<>0, C326=0), SUM($C$2:C325)-SUM($AQ$1:AQ324), "") | AR325: =IF(AND(AK325<>0, AK326=0), SUM($AK$2:AK325)-SUM($AR$1:AR324), "")
B326: =LEFT(A326,15) | C326: {=SUM(IF(ISNUMBER(M326:U326),M326:U326,""))} -> 0 | D326: =MID(A326,4,2) | E326: =IF(ISEVEN(D326),D326-1,VALUE(D326)) -> #VALUE! | F326: =LEFT(A326,2) | G326: =CONCATENATE(F326,".xlsx") -> .xlsx | H326: {=IF(AND(VALUE(E326)=INDIRECT("'["&G326&"]"&E326&"'!"&$X$2),G326=INDIRECT("'["&G326&"]"&E326&"'!"&$X$3)),INDIRECT("'["&G326&"]"&E326&"'!"&$X$1),0)} -> #VALUE! | I326: =MID(A326,10,6) | J326: =RIGHT(I326,2) | K326: =LEFT(I326,3) | L326: =RIGHT(I326,3) | M326: {=IF(AND(J326=INDIRECT("'["&G326&"]"&E326&"'!"&$Y$2),G326=INDIRECT("'["&G326&"]"&E326&"'!"&$AH$2)),INDIRECT("'["&G326&"]"&E326&"'!"&$Y$3),0)} -> #VALUE! | N326: {=IF(AND(G326=INDIRECT("'["&G326&"]"&E326&"'!"&$AH$2),OR(K326=INDIRECT("'["&G326&"]"&E326&"'!"&$Z$2))),INDIRECT("'["&G326&"]"&E326&"'!"&$Z$3),0)} -> #VALUE! | O326: {=IF(AND(G326=INDIRECT("'["&G326&"]"&E326&"'!"&$AH$2),OR(L326=INDIRECT("'["&G326&"]"&E326&"'!"&$AA$2))),INDIRECT("'["&G326&"]"&E326&"'!"&$AA$3),0)} -> #VALUE! | P326: {=IF(AND(G326=INDIRECT("'["&G326&"]"&E326&"'!"&$AH$2),OR(VALUE(I326)=INDIRECT("'["&G326&"]"&E326&"'!"&$AB$2))),INDIRECT("'["&G326&"]"&E326&"'!"&$AB$3),0)} -> #VALUE! | Q326: {=IF(AND(G326=INDIRECT("'["&G326&"]"&E326&"'!"&$AH$2),OR(VALUE(I326)=INDIRECT("'["&G326&"]"&E326&"'!"&$AC$2))),INDIRECT("'["&G326&"]"&E326&"'!"&$AC$3),0)} -> #VALUE! | R326: {=IF(AND(G326=INDIRECT("'["&G326&"]"&E326&"'!"&$AH$2),OR(I326=INDIRECT("'["&G326&"]"&E326&"'!"&$AD$2))),INDIRECT("'["&G326&"]"&E326&"'!"&$AD$3),0)} -> #VALUE! | S326: {=IF(AND(G326=INDIRECT("'["&G326&"]"&E326&"'!"&$AH$2),OR(I326=INDIRECT("'["&G326&"]"&E326&"'!"&$AE$2))),INDIRECT("'["&G326&"]"&E326&"'!"&$AE$3),0)} -> #VALUE! | T326: {=IF(AND(G326=INDIRECT("'["&G326&"]"&E326&"'!"&$AH$2),OR(I326=INDIRECT("'["&G326&"]"&E326&"'!"&$AF$2))),INDIRECT("'["&G326&"]"&E326&"'!"&$AF$3),0)} -> #VALUE! | U326: {=IF(AND(G326=INDIRECT("'["&G326&"]"&E326&"'!"&$AH$2),OR(I326=INDIRECT("'["&G326&"]"&E326&"'!"&$AG$2))),INDIRECT("'["&G326&"]"&E326&"'!"&$AG$3),0)} -> #VALUE! | V326: =MID(B326,7,9) | W326: {=IF(AND(G326=INDIRECT("'["&G326&"]"&E326&"'!"&$AH$2),OR(V326=INDIRECT("'["&G326&"]"&E326&"'!"&$AI$2))),INDIRECT("'["&G326&"]"&E326&"'!"&$AI$3),0)} -> #VALUE! | AJ326: 1 | AK326: =(C326*AJ326%) -> 0 | AL326: =C326-AK326 -> 0 | AM326: =IF(A326<>"",IF(AM326="",NOW(),AM326),"") | AN326: =IF(VALUE(N326),"/","") -> #VALUE! | AO326: =IF(VALUE(O326),"/","") -> #VALUE! | AP326: =IF(ISTEXT(W326),"อายัด","") | AQ326: =IF(AND(C326<>0, C327=0), SUM($C$2:C326)-SUM($AQ$1:AQ325), "") | AR326: =IF(AND(AK326<>0, AK327=0), SUM($AK$2:AK326)-SUM($AR$1:AR325), "")
B327: =LEFT(A327,15) | C327: {=SUM(IF(ISNUMBER(M327:U327),M327:U327,""))} -> 0 | D327: =MID(A327,4,2) | E327: =IF(ISEVEN(D327),D327-1,VALUE(D327)) -> #VALUE! | F327: =LEFT(A327,2) | G327: =CONCATENATE(F327,".xlsx") -> .xlsx | H327: {=IF(AND(VALUE(E327)=INDIRECT("'["&G327&"]"&E327&"'!"&$X$2),G327=INDIRECT("'["&G327&"]"&E327&"'!"&$X$3)),INDIRECT("'["&G327&"]"&E327&"'!"&$X$1),0)} -> #VALUE! | I327: =MID(A327,10,6) | J327: =RIGHT(I327,2) | K327: =LEFT(I327,3) | L327: =RIGHT(I327,3) | M327: {=IF(AND(J327=INDIRECT("'["&G327&"]"&E327&"'!"&$Y$2),G327=INDIRECT("'["&G327&"]"&E327&"'!"&$AH$2)),INDIRECT("'["&G327&"]"&E327&"'!"&$Y$3),0)} -> #VALUE! | N327: {=IF(AND(G327=INDIRECT("'["&G327&"]"&E327&"'!"&$AH$2),OR(K327=INDIRECT("'["&G327&"]"&E327&"'!"&$Z$2))),INDIRECT("'["&G327&"]"&E327&"'!"&$Z$3),0)} -> #VALUE! | O327: {=IF(AND(G327=INDIRECT("'["&G327&"]"&E327&"'!"&$AH$2),OR(L327=INDIRECT("'["&G327&"]"&E327&"'!"&$AA$2))),INDIRECT("'["&G327&"]"&E327&"'!"&$AA$3),0)} -> #VALUE! | P327: {=IF(AND(G327=INDIRECT("'["&G327&"]"&E327&"'!"&$AH$2),OR(VALUE(I327)=INDIRECT("'["&G327&"]"&E327&"'!"&$AB$2))),INDIRECT("'["&G327&"]"&E327&"'!"&$AB$3),0)} -> #VALUE! | Q327: {=IF(AND(G327=INDIRECT("'["&G327&"]"&E327&"'!"&$AH$2),OR(VALUE(I327)=INDIRECT("'["&G327&"]"&E327&"'!"&$AC$2))),INDIRECT("'["&G327&"]"&E327&"'!"&$AC$3),0)} -> #VALUE! | R327: {=IF(AND(G327=INDIRECT("'["&G327&"]"&E327&"'!"&$AH$2),OR(I327=INDIRECT("'["&G327&"]"&E327&"'!"&$AD$2))),INDIRECT("'["&G327&"]"&E327&"'!"&$AD$3),0)} -> #VALUE! | S327: {=IF(AND(G327=INDIRECT("'["&G327&"]"&E327&"'!"&$AH$2),OR(I327=INDIRECT("'["&G327&"]"&E327&"'!"&$AE$2))),INDIRECT("'["&G327&"]"&E327&"'!"&$AE$3),0)} -> #VALUE! | T327: {=IF(AND(G327=INDIRECT("'["&G327&"]"&E327&"'!"&$AH$2),OR(I327=INDIRECT("'["&G327&"]"&E327&"'!"&$AF$2))),INDIRECT("'["&G327&"]"&E327&"'!"&$AF$3),0)} -> #VALUE! | U327: {=IF(AND(G327=INDIRECT("'["&G327&"]"&E327&"'!"&$AH$2),OR(I327=INDIRECT("'["&G327&"]"&E327&"'!"&$AG$2))),INDIRECT("'["&G327&"]"&E327&"'!"&$AG$3),0)} -> #VALUE! | V327: =MID(B327,7,9) | W327: {=IF(AND(G327=INDIRECT("'["&G327&"]"&E327&"'!"&$AH$2),OR(V327=INDIRECT("'["&G327&"]"&E327&"'!"&$AI$2))),INDIRECT("'["&G327&"]"&E327&"'!"&$AI$3),0)} -> #VALUE! | AJ327: 1 | AK327: =(C327*AJ327%) -> 0 | AL327: =C327-AK327 -> 0 | AM327: =IF(A327<>"",IF(AM327="",NOW(),AM327),"") | AN327: =IF(VALUE(N327),"/","") -> #VALUE! | AO327: =IF(VALUE(O327),"/","") -> #VALUE! | AP327: =IF(ISTEXT(W327),"อายัด","") | AQ327: =IF(AND(C327<>0, C328=0), SUM($C$2:C327)-SUM($AQ$1:AQ326), "") | AR327: =IF(AND(AK327<>0, AK328=0), SUM($AK$2:AK327)-SUM($AR$1:AR326), "")
B328: =LEFT(A328,15) | C328: {=SUM(IF(ISNUMBER(M328:U328),M328:U328,""))} -> 0 | D328: =MID(A328,4,2) | E328: =IF(ISEVEN(D328),D328-1,VALUE(D328)) -> #VALUE! | F328: =LEFT(A328,2) | G328: =CONCATENATE(F328,".xlsx") -> .xlsx | H328: {=IF(AND(VALUE(E328)=INDIRECT("'["&G328&"]"&E328&"'!"&$X$2),G328=INDIRECT("'["&G328&"]"&E328&"'!"&$X$3)),INDIRECT("'["&G328&"]"&E328&"'!"&$X$1),0)} -> #VALUE! | I328: =MID(A328,10,6) | J328: =RIGHT(I328,2) | K328: =LEFT(I328,3) | L328: =RIGHT(I328,3) | M328: {=IF(AND(J328=INDIRECT("'["&G328&"]"&E328&"'!"&$Y$2),G328=INDIRECT("'["&G328&"]"&E328&"'!"&$AH$2)),INDIRECT("'["&G328&"]"&E328&"'!"&$Y$3),0)} -> #VALUE! | N328: {=IF(AND(G328=INDIRECT("'["&G328&"]"&E328&"'!"&$AH$2),OR(K328=INDIRECT("'["&G328&"]"&E328&"'!"&$Z$2))),INDIRECT("'["&G328&"]"&E328&"'!"&$Z$3),0)} -> #VALUE! | O328: {=IF(AND(G328=INDIRECT("'["&G328&"]"&E328&"'!"&$AH$2),OR(L328=INDIRECT("'["&G328&"]"&E328&"'!"&$AA$2))),INDIRECT("'["&G328&"]"&E328&"'!"&$AA$3),0)} -> #VALUE! | P328: {=IF(AND(G328=INDIRECT("'["&G328&"]"&E328&"'!"&$AH$2),OR(VALUE(I328)=INDIRECT("'["&G328&"]"&E328&"'!"&$AB$2))),INDIRECT("'["&G328&"]"&E328&"'!"&$AB$3),0)} -> #VALUE! | Q328: {=IF(AND(G328=INDIRECT("'["&G328&"]"&E328&"'!"&$AH$2),OR(VALUE(I328)=INDIRECT("'["&G328&"]"&E328&"'!"&$AC$2))),INDIRECT("'["&G328&"]"&E328&"'!"&$AC$3),0)} -> #VALUE! | R328: {=IF(AND(G328=INDIRECT("'["&G328&"]"&E328&"'!"&$AH$2),OR(I328=INDIRECT("'["&G328&"]"&E328&"'!"&$AD$2))),INDIRECT("'["&G328&"]"&E328&"'!"&$AD$3),0)} -> #VALUE! | S328: {=IF(AND(G328=INDIRECT("'["&G328&"]"&E328&"'!"&$AH$2),OR(I328=INDIRECT("'["&G328&"]"&E328&"'!"&$AE$2))),INDIRECT("'["&G328&"]"&E328&"'!"&$AE$3),0)} -> #VALUE! | T328: {=IF(AND(G328=INDIRECT("'["&G328&"]"&E328&"'!"&$AH$2),OR(I328=INDIRECT("'["&G328&"]"&E328&"'!"&$AF$2))),INDIRECT("'["&G328&"]"&E328&"'!"&$AF$3),0)} -> #VALUE! | U328: {=IF(AND(G328=INDIRECT("'["&G328&"]"&E328&"'!"&$AH$2),OR(I328=INDIRECT("'["&G328&"]"&E328&"'!"&$AG$2))),INDIRECT("'["&G328&"]"&E328&"'!"&$AG$3),0)} -> #VALUE! | V328: =MID(B328,7,9) | W328: {=IF(AND(G328=INDIRECT("'["&G328&"]"&E328&"'!"&$AH$2),OR(V328=INDIRECT("'["&G328&"]"&E328&"'!"&$AI$2))),INDIRECT("'["&G328&"]"&E328&"'!"&$AI$3),0)} -> #VALUE! | AJ328: 1 | AK328: =(C328*AJ328%) -> 0 | AL328: =C328-AK328 -> 0 | AM328: =IF(A328<>"",IF(AM328="",NOW(),AM328),"") | AN328: =IF(VALUE(N328),"/","") -> #VALUE! | AO328: =IF(VALUE(O328),"/","") -> #VALUE! | AP328: =IF(ISTEXT(W328),"อายัด","") | AQ328: =IF(AND(C328<>0, C329=0), SUM($C$2:C328)-SUM($AQ$1:AQ327), "") | AR328: =IF(AND(AK328<>0, AK329=0), SUM($AK$2:AK328)-SUM($AR$1:AR327), "")
B329: =LEFT(A329,15) | C329: {=SUM(IF(ISNUMBER(M329:U329),M329:U329,""))} -> 0 | D329: =MID(A329,4,2) | E329: =IF(ISEVEN(D329),D329-1,VALUE(D329)) -> #VALUE! | F329: =LEFT(A329,2) | G329: =CONCATENATE(F329,".xlsx") -> .xlsx | H329: {=IF(AND(VALUE(E329)=INDIRECT("'["&G329&"]"&E329&"'!"&$X$2),G329=INDIRECT("'["&G329&"]"&E329&"'!"&$X$3)),INDIRECT("'["&G329&"]"&E329&"'!"&$X$1),0)} -> #VALUE! | I329: =MID(A329,10,6) | J329: =RIGHT(I329,2) | K329: =LEFT(I329,3) | L329: =RIGHT(I329,3) | M329: {=IF(AND(J329=INDIRECT("'["&G329&"]"&E329&"'!"&$Y$2),G329=INDIRECT("'["&G329&"]"&E329&"'!"&$AH$2)),INDIRECT("'["&G329&"]"&E329&"'!"&$Y$3),0)} -> #VALUE! | N329: {=IF(AND(G329=INDIRECT("'["&G329&"]"&E329&"'!"&$AH$2),OR(K329=INDIRECT("'["&G329&"]"&E329&"'!"&$Z$2))),INDIRECT("'["&G329&"]"&E329&"'!"&$Z$3),0)} -> #VALUE! | O329: {=IF(AND(G329=INDIRECT("'["&G329&"]"&E329&"'!"&$AH$2),OR(L329=INDIRECT("'["&G329&"]"&E329&"'!"&$AA$2))),INDIRECT("'["&G329&"]"&E329&"'!"&$AA$3),0)} -> #VALUE! | P329: {=IF(AND(G329=INDIRECT("'["&G329&"]"&E329&"'!"&$AH$2),OR(VALUE(I329)=INDIRECT("'["&G329&"]"&E329&"'!"&$AB$2))),INDIRECT("'["&G329&"]"&E329&"'!"&$AB$3),0)} -> #VALUE! | Q329: {=IF(AND(G329=INDIRECT("'["&G329&"]"&E329&"'!"&$AH$2),OR(VALUE(I329)=INDIRECT("'["&G329&"]"&E329&"'!"&$AC$2))),INDIRECT("'["&G329&"]"&E329&"'!"&$AC$3),0)} -> #VALUE! | R329: {=IF(AND(G329=INDIRECT("'["&G329&"]"&E329&"'!"&$AH$2),OR(I329=INDIRECT("'["&G329&"]"&E329&"'!"&$AD$2))),INDIRECT("'["&G329&"]"&E329&"'!"&$AD$3),0)} -> #VALUE! | S329: {=IF(AND(G329=INDIRECT("'["&G329&"]"&E329&"'!"&$AH$2),OR(I329=INDIRECT("'["&G329&"]"&E329&"'!"&$AE$2))),INDIRECT("'["&G329&"]"&E329&"'!"&$AE$3),0)} -> #VALUE! | T329: {=IF(AND(G329=INDIRECT("'["&G329&"]"&E329&"'!"&$AH$2),OR(I329=INDIRECT("'["&G329&"]"&E329&"'!"&$AF$2))),INDIRECT("'["&G329&"]"&E329&"'!"&$AF$3),0)} -> #VALUE! | U329: {=IF(AND(G329=INDIRECT("'["&G329&"]"&E329&"'!"&$AH$2),OR(I329=INDIRECT("'["&G329&"]"&E329&"'!"&$AG$2))),INDIRECT("'["&G329&"]"&E329&"'!"&$AG$3),0)} -> #VALUE! | V329: =MID(B329,7,9) | W329: {=IF(AND(G329=INDIRECT("'["&G329&"]"&E329&"'!"&$AH$2),OR(V329=INDIRECT("'["&G329&"]"&E329&"'!"&$AI$2))),INDIRECT("'["&G329&"]"&E329&"'!"&$AI$3),0)} -> #VALUE! | AJ329: 1 | AK329: =(C329*AJ329%) -> 0 | AL329: =C329-AK329 -> 0 | AM329: =IF(A329<>"",IF(AM329="",NOW(),AM329),"") | AN329: =IF(VALUE(N329),"/","") -> #VALUE! | AO329: =IF(VALUE(O329),"/","") -> #VALUE! | AP329: =IF(ISTEXT(W329),"อายัด","") | AQ329: =IF(AND(C329<>0, C330=0), SUM($C$2:C329)-SUM($AQ$1:AQ328), "") | AR329: =IF(AND(AK329<>0, AK330=0), SUM($AK$2:AK329)-SUM($AR$1:AR328), "")
B330: =LEFT(A330,15) | C330: {=SUM(IF(ISNUMBER(M330:U330),M330:U330,""))} -> 0 | D330: =MID(A330,4,2) | E330: =IF(ISEVEN(D330),D330-1,VALUE(D330)) -> #VALUE! | F330: =LEFT(A330,2) | G330: =CONCATENATE(F330,".xlsx") -> .xlsx | H330: {=IF(AND(VALUE(E330)=INDIRECT("'["&G330&"]"&E330&"'!"&$X$2),G330=INDIRECT("'["&G330&"]"&E330&"'!"&$X$3)),INDIRECT("'["&G330&"]"&E330&"'!"&$X$1),0)} -> #VALUE! | I330: =MID(A330,10,6) | J330: =RIGHT(I330,2) | K330: =LEFT(I330,3) | L330: =RIGHT(I330,3) | M330: {=IF(AND(J330=INDIRECT("'["&G330&"]"&E330&"'!"&$Y$2),G330=INDIRECT("'["&G330&"]"&E330&"'!"&$AH$2)),INDIRECT("'["&G330&"]"&E330&"'!"&$Y$3),0)} -> #VALUE! | N330: {=IF(AND(G330=INDIRECT("'["&G330&"]"&E330&"'!"&$AH$2),OR(K330=INDIRECT("'["&G330&"]"&E330&"'!"&$Z$2))),INDIRECT("'["&G330&"]"&E330&"'!"&$Z$3),0)} -> #VALUE! | O330: {=IF(AND(G330=INDIRECT("'["&G330&"]"&E330&"'!"&$AH$2),OR(L330=INDIRECT("'["&G330&"]"&E330&"'!"&$AA$2))),INDIRECT("'["&G330&"]"&E330&"'!"&$AA$3),0)} -> #VALUE! | P330: {=IF(AND(G330=INDIRECT("'["&G330&"]"&E330&"'!"&$AH$2),OR(VALUE(I330)=INDIRECT("'["&G330&"]"&E330&"'!"&$AB$2))),INDIRECT("'["&G330&"]"&E330&"'!"&$AB$3),0)} -> #VALUE! | Q330: {=IF(AND(G330=INDIRECT("'["&G330&"]"&E330&"'!"&$AH$2),OR(VALUE(I330)=INDIRECT("'["&G330&"]"&E330&"'!"&$AC$2))),INDIRECT("'["&G330&"]"&E330&"'!"&$AC$3),0)} -> #VALUE! | R330: {=IF(AND(G330=INDIRECT("'["&G330&"]"&E330&"'!"&$AH$2),OR(I330=INDIRECT("'["&G330&"]"&E330&"'!"&$AD$2))),INDIRECT("'["&G330&"]"&E330&"'!"&$AD$3),0)} -> #VALUE! | S330: {=IF(AND(G330=INDIRECT("'["&G330&"]"&E330&"'!"&$AH$2),OR(I330=INDIRECT("'["&G330&"]"&E330&"'!"&$AE$2))),INDIRECT("'["&G330&"]"&E330&"'!"&$AE$3),0)} -> #VALUE! | T330: {=IF(AND(G330=INDIRECT("'["&G330&"]"&E330&"'!"&$AH$2),OR(I330=INDIRECT("'["&G330&"]"&E330&"'!"&$AF$2))),INDIRECT("'["&G330&"]"&E330&"'!"&$AF$3),0)} -> #VALUE! | U330: {=IF(AND(G330=INDIRECT("'["&G330&"]"&E330&"'!"&$AH$2),OR(I330=INDIRECT("'["&G330&"]"&E330&"'!"&$AG$2))),INDIRECT("'["&G330&"]"&E330&"'!"&$AG$3),0)} -> #VALUE! | V330: =MID(B330,7,9) | W330: {=IF(AND(G330=INDIRECT("'["&G330&"]"&E330&"'!"&$AH$2),OR(V330=INDIRECT("'["&G330&"]"&E330&"'!"&$AI$2))),INDIRECT("'["&G330&"]"&E330&"'!"&$AI$3),0)} -> #VALUE! | AJ330: 1 | AK330: =(C330*AJ330%) -> 0 | AL330: =C330-AK330 -> 0 | AM330: =IF(A330<>"",IF(AM330="",NOW(),AM330),"") | AN330: =IF(VALUE(N330),"/","") -> #VALUE! | AO330: =IF(VALUE(O330),"/","") -> #VALUE! | AP330: =IF(ISTEXT(W330),"อายัด","") | AQ330: =IF(AND(C330<>0, C331=0), SUM($C$2:C330)-SUM($AQ$1:AQ329), "") | AR330: =IF(AND(AK330<>0, AK331=0), SUM($AK$2:AK330)-SUM($AR$1:AR329), "")
B331: =LEFT(A331,15) | C331: {=SUM(IF(ISNUMBER(M331:U331),M331:U331,""))} -> 0 | D331: =MID(A331,4,2) | E331: =IF(ISEVEN(D331),D331-1,VALUE(D331)) -> #VALUE! | F331: =LEFT(A331,2) | G331: =CONCATENATE(F331,".xlsx") -> .xlsx | H331: {=IF(AND(VALUE(E331)=INDIRECT("'["&G331&"]"&E331&"'!"&$X$2),G331=INDIRECT("'["&G331&"]"&E331&"'!"&$X$3)),INDIRECT("'["&G331&"]"&E331&"'!"&$X$1),0)} -> #VALUE! | I331: =MID(A331,10,6) | J331: =RIGHT(I331,2) | K331: =LEFT(I331,3) | L331: =RIGHT(I331,3) | M331: {=IF(AND(J331=INDIRECT("'["&G331&"]"&E331&"'!"&$Y$2),G331=INDIRECT("'["&G331&"]"&E331&"'!"&$AH$2)),INDIRECT("'["&G331&"]"&E331&"'!"&$Y$3),0)} -> #VALUE! | N331: {=IF(AND(G331=INDIRECT("'["&G331&"]"&E331&"'!"&$AH$2),OR(K331=INDIRECT("'["&G331&"]"&E331&"'!"&$Z$2))),INDIRECT("'["&G331&"]"&E331&"'!"&$Z$3),0)} -> #VALUE! | O331: {=IF(AND(G331=INDIRECT("'["&G331&"]"&E331&"'!"&$AH$2),OR(L331=INDIRECT("'["&G331&"]"&E331&"'!"&$AA$2))),INDIRECT("'["&G331&"]"&E331&"'!"&$AA$3),0)} -> #VALUE! | P331: {=IF(AND(G331=INDIRECT("'["&G331&"]"&E331&"'!"&$AH$2),OR(VALUE(I331)=INDIRECT("'["&G331&"]"&E331&"'!"&$AB$2))),INDIRECT("'["&G331&"]"&E331&"'!"&$AB$3),0)} -> #VALUE! | Q331: {=IF(AND(G331=INDIRECT("'["&G331&"]"&E331&"'!"&$AH$2),OR(VALUE(I331)=INDIRECT("'["&G331&"]"&E331&"'!"&$AC$2))),INDIRECT("'["&G331&"]"&E331&"'!"&$AC$3),0)} -> #VALUE! | R331: {=IF(AND(G331=INDIRECT("'["&G331&"]"&E331&"'!"&$AH$2),OR(I331=INDIRECT("'["&G331&"]"&E331&"'!"&$AD$2))),INDIRECT("'["&G331&"]"&E331&"'!"&$AD$3),0)} -> #VALUE! | S331: {=IF(AND(G331=INDIRECT("'["&G331&"]"&E331&"'!"&$AH$2),OR(I331=INDIRECT("'["&G331&"]"&E331&"'!"&$AE$2))),INDIRECT("'["&G331&"]"&E331&"'!"&$AE$3),0)} -> #VALUE! | T331: {=IF(AND(G331=INDIRECT("'["&G331&"]"&E331&"'!"&$AH$2),OR(I331=INDIRECT("'["&G331&"]"&E331&"'!"&$AF$2))),INDIRECT("'["&G331&"]"&E331&"'!"&$AF$3),0)} -> #VALUE! | U331: {=IF(AND(G331=INDIRECT("'["&G331&"]"&E331&"'!"&$AH$2),OR(I331=INDIRECT("'["&G331&"]"&E331&"'!"&$AG$2))),INDIRECT("'["&G331&"]"&E331&"'!"&$AG$3),0)} -> #VALUE! | V331: =MID(B331,7,9) | W331: {=IF(AND(G331=INDIRECT("'["&G331&"]"&E331&"'!"&$AH$2),OR(V331=INDIRECT("'["&G331&"]"&E331&"'!"&$AI$2))),INDIRECT("'["&G331&"]"&E331&"'!"&$AI$3),0)} -> #VALUE! | AJ331: 1 | AK331: =(C331*AJ331%) -> 0 | AL331: =C331-AK331 -> 0 | AM331: =IF(A331<>"",IF(AM331="",NOW(),AM331),"") | AN331: =IF(VALUE(N331),"/","") -> #VALUE! | AO331: =IF(VALUE(O331),"/","") -> #VALUE! | AP331: =IF(ISTEXT(W331),"อายัด","") | AQ331: =IF(AND(C331<>0, C332=0), SUM($C$2:C331)-SUM($AQ$1:AQ330), "") | AR331: =IF(AND(AK331<>0, AK332=0), SUM($AK$2:AK331)-SUM($AR$1:AR330), "")
B332: =LEFT(A332,15) | C332: {=SUM(IF(ISNUMBER(M332:U332),M332:U332,""))} -> 0 | D332: =MID(A332,4,2) | E332: =IF(ISEVEN(D332),D332-1,VALUE(D332)) -> #VALUE! | F332: =LEFT(A332,2) | G332: =CONCATENATE(F332,".xlsx") -> .xlsx | H332: {=IF(AND(VALUE(E332)=INDIRECT("'["&G332&"]"&E332&"'!"&$X$2),G332=INDIRECT("'["&G332&"]"&E332&"'!"&$X$3)),INDIRECT("'["&G332&"]"&E332&"'!"&$X$1),0)} -> #VALUE! | I332: =MID(A332,10,6) | J332: =RIGHT(I332,2) | K332: =LEFT(I332,3) | L332: =RIGHT(I332,3) | M332: {=IF(AND(J332=INDIRECT("'["&G332&"]"&E332&"'!"&$Y$2),G332=INDIRECT("'["&G332&"]"&E332&"'!"&$AH$2)),INDIRECT("'["&G332&"]"&E332&"'!"&$Y$3),0)} -> #VALUE! | N332: {=IF(AND(G332=INDIRECT("'["&G332&"]"&E332&"'!"&$AH$2),OR(K332=INDIRECT("'["&G332&"]"&E332&"'!"&$Z$2))),INDIRECT("'["&G332&"]"&E332&"'!"&$Z$3),0)} -> #VALUE! | O332: {=IF(AND(G332=INDIRECT("'["&G332&"]"&E332&"'!"&$AH$2),OR(L332=INDIRECT("'["&G332&"]"&E332&"'!"&$AA$2))),INDIRECT("'["&G332&"]"&E332&"'!"&$AA$3),0)} -> #VALUE! | P332: {=IF(AND(G332=INDIRECT("'["&G332&"]"&E332&"'!"&$AH$2),OR(VALUE(I332)=INDIRECT("'["&G332&"]"&E332&"'!"&$AB$2))),INDIRECT("'["&G332&"]"&E332&"'!"&$AB$3),0)} -> #VALUE! | Q332: {=IF(AND(G332=INDIRECT("'["&G332&"]"&E332&"'!"&$AH$2),OR(VALUE(I332)=INDIRECT("'["&G332&"]"&E332&"'!"&$AC$2))),INDIRECT("'["&G332&"]"&E332&"'!"&$AC$3),0)} -> #VALUE! | R332: {=IF(AND(G332=INDIRECT("'["&G332&"]"&E332&"'!"&$AH$2),OR(I332=INDIRECT("'["&G332&"]"&E332&"'!"&$AD$2))),INDIRECT("'["&G332&"]"&E332&"'!"&$AD$3),0)} -> #VALUE! | S332: {=IF(AND(G332=INDIRECT("'["&G332&"]"&E332&"'!"&$AH$2),OR(I332=INDIRECT("'["&G332&"]"&E332&"'!"&$AE$2))),INDIRECT("'["&G332&"]"&E332&"'!"&$AE$3),0)} -> #VALUE! | T332: {=IF(AND(G332=INDIRECT("'["&G332&"]"&E332&"'!"&$AH$2),OR(I332=INDIRECT("'["&G332&"]"&E332&"'!"&$AF$2))),INDIRECT("'["&G332&"]"&E332&"'!"&$AF$3),0)} -> #VALUE! | U332: {=IF(AND(G332=INDIRECT("'["&G332&"]"&E332&"'!"&$AH$2),OR(I332=INDIRECT("'["&G332&"]"&E332&"'!"&$AG$2))),INDIRECT("'["&G332&"]"&E332&"'!"&$AG$3),0)} -> #VALUE! | V332: =MID(B332,7,9) | W332: {=IF(AND(G332=INDIRECT("'["&G332&"]"&E332&"'!"&$AH$2),OR(V332=INDIRECT("'["&G332&"]"&E332&"'!"&$AI$2))),INDIRECT("'["&G332&"]"&E332&"'!"&$AI$3),0)} -> #VALUE! | AJ332: 1 | AK332: =(C332*AJ332%) -> 0 | AL332: =C332-AK332 -> 0 | AM332: =IF(A332<>"",IF(AM332="",NOW(),AM332),"") | AN332: =IF(VALUE(N332),"/","") -> #VALUE! | AO332: =IF(VALUE(O332),"/","") -> #VALUE! | AP332: =IF(ISTEXT(W332),"อายัด","") | AQ332: =IF(AND(C332<>0, C333=0), SUM($C$2:C332)-SUM($AQ$1:AQ331), "") | AR332: =IF(AND(AK332<>0, AK333=0), SUM($AK$2:AK332)-SUM($AR$1:AR331), "")
B333: =LEFT(A333,15) | C333: {=SUM(IF(ISNUMBER(M333:U333),M333:U333,""))} -> 0 | D333: =MID(A333,4,2) | E333: =IF(ISEVEN(D333),D333-1,VALUE(D333)) -> #VALUE! | F333: =LEFT(A333,2) | G333: =CONCATENATE(F333,".xlsx") -> .xlsx | H333: {=IF(AND(VALUE(E333)=INDIRECT("'["&G333&"]"&E333&"'!"&$X$2),G333=INDIRECT("'["&G333&"]"&E333&"'!"&$X$3)),INDIRECT("'["&G333&"]"&E333&"'!"&$X$1),0)} -> #VALUE! | I333: =MID(A333,10,6) | J333: =RIGHT(I333,2) | K333: =LEFT(I333,3) | L333: =RIGHT(I333,3) | M333: {=IF(AND(J333=INDIRECT("'["&G333&"]"&E333&"'!"&$Y$2),G333=INDIRECT("'["&G333&"]"&E333&"'!"&$AH$2)),INDIRECT("'["&G333&"]"&E333&"'!"&$Y$3),0)} -> #VALUE! | N333: {=IF(AND(G333=INDIRECT("'["&G333&"]"&E333&"'!"&$AH$2),OR(K333=INDIRECT("'["&G333&"]"&E333&"'!"&$Z$2))),INDIRECT("'["&G333&"]"&E333&"'!"&$Z$3),0)} -> #VALUE! | O333: {=IF(AND(G333=INDIRECT("'["&G333&"]"&E333&"'!"&$AH$2),OR(L333=INDIRECT("'["&G333&"]"&E333&"'!"&$AA$2))),INDIRECT("'["&G333&"]"&E333&"'!"&$AA$3),0)} -> #VALUE! | P333: {=IF(AND(G333=INDIRECT("'["&G333&"]"&E333&"'!"&$AH$2),OR(VALUE(I333)=INDIRECT("'["&G333&"]"&E333&"'!"&$AB$2))),INDIRECT("'["&G333&"]"&E333&"'!"&$AB$3),0)} -> #VALUE! | Q333: {=IF(AND(G333=INDIRECT("'["&G333&"]"&E333&"'!"&$AH$2),OR(VALUE(I333)=INDIRECT("'["&G333&"]"&E333&"'!"&$AC$2))),INDIRECT("'["&G333&"]"&E333&"'!"&$AC$3),0)} -> #VALUE! | R333: {=IF(AND(G333=INDIRECT("'["&G333&"]"&E333&"'!"&$AH$2),OR(I333=INDIRECT("'["&G333&"]"&E333&"'!"&$AD$2))),INDIRECT("'["&G333&"]"&E333&"'!"&$AD$3),0)} -> #VALUE! | S333: {=IF(AND(G333=INDIRECT("'["&G333&"]"&E333&"'!"&$AH$2),OR(I333=INDIRECT("'["&G333&"]"&E333&"'!"&$AE$2))),INDIRECT("'["&G333&"]"&E333&"'!"&$AE$3),0)} -> #VALUE! | T333: {=IF(AND(G333=INDIRECT("'["&G333&"]"&E333&"'!"&$AH$2),OR(I333=INDIRECT("'["&G333&"]"&E333&"'!"&$AF$2))),INDIRECT("'["&G333&"]"&E333&"'!"&$AF$3),0)} -> #VALUE! | U333: {=IF(AND(G333=INDIRECT("'["&G333&"]"&E333&"'!"&$AH$2),OR(I333=INDIRECT("'["&G333&"]"&E333&"'!"&$AG$2))),INDIRECT("'["&G333&"]"&E333&"'!"&$AG$3),0)} -> #VALUE! | V333: =MID(B333,7,9) | W333: {=IF(AND(G333=INDIRECT("'["&G333&"]"&E333&"'!"&$AH$2),OR(V333=INDIRECT("'["&G333&"]"&E333&"'!"&$AI$2))),INDIRECT("'["&G333&"]"&E333&"'!"&$AI$3),0)} -> #VALUE! | AJ333: 1 | AK333: =(C333*AJ333%) -> 0 | AL333: =C333-AK333 -> 0 | AM333: =IF(A333<>"",IF(AM333="",NOW(),AM333),"") | AN333: =IF(VALUE(N333),"/","") -> #VALUE! | AO333: =IF(VALUE(O333),"/","") -> #VALUE! | AP333: =IF(ISTEXT(W333),"อายัด","") | AQ333: =IF(AND(C333<>0, C334=0), SUM($C$2:C333)-SUM($AQ$1:AQ332), "") | AR333: =IF(AND(AK333<>0, AK334=0), SUM($AK$2:AK333)-SUM($AR$1:AR332), "")
... B349: =LEFT(A349,15) | C349: {=SUM(IF(ISNUMBER(M349:U349),M349:U349,""))} -> 0 | D349: =MID(A349,4,2) | E349: =IF(ISEVEN(D349),D349-1,VALUE(D349)) -> #VALUE! | F349: =LEFT(A349,2) | G349: =CONCATENATE(F349,".xlsx") -> .xlsx | H349: {=IF(AND(VALUE(E349)=INDIRECT("'["&G349&"]"&E349&"'!"&$X$2),G349=INDIRECT("'["&G349&"]"&E349&"'!"&$X$3)),INDIRECT("'["&G349&"]"&E349&"'!"&$X$1),0)} -> #VALUE! | I349: =MID(A349,10,6) | J349: =RIGHT(I349,2) | K349: =LEFT(I349,3) | L349: =RIGHT(I349,3) | M349: {=IF(AND(J349=INDIRECT("'["&G349&"]"&E349&"'!"&$Y$2),G349=INDIRECT("'["&G349&"]"&E349&"'!"&$AH$2)),INDIRECT("'["&G349&"]"&E349&"'!"&$Y$3),0)} -> #VALUE! | N349: {=IF(AND(G349=INDIRECT("'["&G349&"]"&E349&"'!"&$AH$2),OR(K349=INDIRECT("'["&G349&"]"&E349&"'!"&$Z$2))),INDIRECT("'["&G349&"]"&E349&"'!"&$Z$3),0)} -> #VALUE! | O349: {=IF(AND(G349=INDIRECT("'["&G349&"]"&E349&"'!"&$AH$2),OR(L349=INDIRECT("'["&G349&"]"&E349&"'!"&$AA$2))),INDIRECT("'["&G349&"]"&E349&"'!"&$AA$3),0)} -> #VALUE! | P349: {=IF(AND(G349=INDIRECT("'["&G349&"]"&E349&"'!"&$AH$2),OR(VALUE(I349)=INDIRECT("'["&G349&"]"&E349&"'!"&$AB$2))),INDIRECT("'["&G349&"]"&E349&"'!"&$AB$3),0)} -> #VALUE! | Q349: {=IF(AND(G349=INDIRECT("'["&G349&"]"&E349&"'!"&$AH$2),OR(VALUE(I349)=INDIRECT("'["&G349&"]"&E349&"'!"&$AC$2))),INDIRECT("'["&G349&"]"&E349&"'!"&$AC$3),0)} -> #VALUE! | R349: {=IF(AND(G349=INDIRECT("'["&G349&"]"&E349&"'!"&$AH$2),OR(I349=INDIRECT("'["&G349&"]"&E349&"'!"&$AD$2))),INDIRECT("'["&G349&"]"&E349&"'!"&$AD$3),0)} -> #VALUE! | S349: {=IF(AND(G349=INDIRECT("'["&G349&"]"&E349&"'!"&$AH$2),OR(I349=INDIRECT("'["&G349&"]"&E349&"'!"&$AE$2))),INDIRECT("'["&G349&"]"&E349&"'!"&$AE$3),0)} -> #VALUE! | T349: {=IF(AND(G349=INDIRECT("'["&G349&"]"&E349&"'!"&$AH$2),OR(I349=INDIRECT("'["&G349&"]"&E349&"'!"&$AF$2))),INDIRECT("'["&G349&"]"&E349&"'!"&$AF$3),0)} -> #VALUE! | U349: {=IF(AND(G349=INDIRECT("'["&G349&"]"&E349&"'!"&$AH$2),OR(I349=INDIRECT("'["&G349&"]"&E349&"'!"&$AG$2))),INDIRECT("'["&G349&"]"&E349&"'!"&$AG$3),0)} -> #VALUE! | V349: =MID(B349,7,9) | W349: {=IF(AND(G349=INDIRECT("'["&G349&"]"&E349&"'!"&$AH$2),OR(V349=INDIRECT("'["&G349&"]"&E349&"'!"&$AI$2))),INDIRECT("'["&G349&"]"&E349&"'!"&$AI$3),0)} -> #VALUE! | AJ349: 1 | AK349: =(C349*AJ349%) -> 0 | AL349: =C349-AK349 -> 0 | AM349: =IF(A349<>"",IF(AM349="",NOW(),AM349),"") | AN349: =IF(VALUE(N349),"/","") -> #VALUE! | AO349: =IF(VALUE(O349),"/","") -> #VALUE! | AP349: =IF(ISTEXT(W349),"อายัด","") | AQ349: =IF(AND(C349<>0, C350=0), SUM($C$2:C349)-SUM($AQ$1:AQ348), "") | AR349: =IF(AND(AK349<>0, AK350=0), SUM($AK$2:AK349)-SUM($AR$1:AR348), "")
B350: =LEFT(A350,15) | C350: {=SUM(IF(ISNUMBER(M350:U350),M350:U350,""))} -> 0 | D350: =MID(A350,4,2) | E350: =IF(ISEVEN(D350),D350-1,VALUE(D350)) -> #VALUE! | F350: =LEFT(A350,2) | G350: =CONCATENATE(F350,".xlsx") -> .xlsx | H350: {=IF(AND(VALUE(E350)=INDIRECT("'["&G350&"]"&E350&"'!"&$X$2),G350=INDIRECT("'["&G350&"]"&E350&"'!"&$X$3)),INDIRECT("'["&G350&"]"&E350&"'!"&$X$1),0)} -> #VALUE! | I350: =MID(A350,10,6) | J350: =RIGHT(I350,2) | K350: =LEFT(I350,3) | L350: =RIGHT(I350,3) | M350: {=IF(AND(J350=INDIRECT("'["&G350&"]"&E350&"'!"&$Y$2),G350=INDIRECT("'["&G350&"]"&E350&"'!"&$AH$2)),INDIRECT("'["&G350&"]"&E350&"'!"&$Y$3),0)} -> #VALUE! | N350: {=IF(AND(G350=INDIRECT("'["&G350&"]"&E350&"'!"&$AH$2),OR(K350=INDIRECT("'["&G350&"]"&E350&"'!"&$Z$2))),INDIRECT("'["&G350&"]"&E350&"'!"&$Z$3),0)} -> #VALUE! | O350: {=IF(AND(G350=INDIRECT("'["&G350&"]"&E350&"'!"&$AH$2),OR(L350=INDIRECT("'["&G350&"]"&E350&"'!"&$AA$2))),INDIRECT("'["&G350&"]"&E350&"'!"&$AA$3),0)} -> #VALUE! | P350: {=IF(AND(G350=INDIRECT("'["&G350&"]"&E350&"'!"&$AH$2),OR(VALUE(I350)=INDIRECT("'["&G350&"]"&E350&"'!"&$AB$2))),INDIRECT("'["&G350&"]"&E350&"'!"&$AB$3),0)} -> #VALUE! | Q350: {=IF(AND(G350=INDIRECT("'["&G350&"]"&E350&"'!"&$AH$2),OR(VALUE(I350)=INDIRECT("'["&G350&"]"&E350&"'!"&$AC$2))),INDIRECT("'["&G350&"]"&E350&"'!"&$AC$3),0)} -> #VALUE! | R350: {=IF(AND(G350=INDIRECT("'["&G350&"]"&E350&"'!"&$AH$2),OR(I350=INDIRECT("'["&G350&"]"&E350&"'!"&$AD$2))),INDIRECT("'["&G350&"]"&E350&"'!"&$AD$3),0)} -> #VALUE! | S350: {=IF(AND(G350=INDIRECT("'["&G350&"]"&E350&"'!"&$AH$2),OR(I350=INDIRECT("'["&G350&"]"&E350&"'!"&$AE$2))),INDIRECT("'["&G350&"]"&E350&"'!"&$AE$3),0)} -> #VALUE! | T350: {=IF(AND(G350=INDIRECT("'["&G350&"]"&E350&"'!"&$AH$2),OR(I350=INDIRECT("'["&G350&"]"&E350&"'!"&$AF$2))),INDIRECT("'["&G350&"]"&E350&"'!"&$AF$3),0)} -> #VALUE! | U350: {=IF(AND(G350=INDIRECT("'["&G350&"]"&E350&"'!"&$AH$2),OR(I350=INDIRECT("'["&G350&"]"&E350&"'!"&$AG$2))),INDIRECT("'["&G350&"]"&E350&"'!"&$AG$3),0)} -> #VALUE! | V350: =MID(B350,7,9) | W350: {=IF(AND(G350=INDIRECT("'["&G350&"]"&E350&"'!"&$AH$2),OR(V350=INDIRECT("'["&G350&"]"&E350&"'!"&$AI$2))),INDIRECT("'["&G350&"]"&E350&"'!"&$AI$3),0)} -> #VALUE! | AI350: 35.5 | AJ350: 1 | AK350: =(C350*AJ350%) -> 0 | AL350: =C350-AK350 -> 0 | AM350: =IF(A350<>"",IF(AM350="",NOW(),AM350),"") | AN350: =IF(VALUE(N350),"/","") -> #VALUE! | AO350: =IF(VALUE(O350),"/","") -> #VALUE! | AP350: =IF(ISTEXT(W350),"อายัด","") | AQ350: =IF(AND(C350<>0, C351=0), SUM($C$2:C350)-SUM($AQ$1:AQ349), "") | AR350: =IF(AND(AK350<>0, AK351=0), SUM($AK$2:AK350)-SUM($AR$1:AR349), "")
B351: =LEFT(A351,15) | C351: {=SUM(IF(ISNUMBER(M351:U351),M351:U351,""))} -> 0 | D351: =MID(A351,4,2) | E351: =IF(ISEVEN(D351),D351-1,VALUE(D351)) -> #VALUE! | F351: =LEFT(A351,2) | G351: =CONCATENATE(F351,".xlsx") -> .xlsx | H351: {=IF(AND(VALUE(E351)=INDIRECT("'["&G351&"]"&E351&"'!"&$X$2),G351=INDIRECT("'["&G351&"]"&E351&"'!"&$X$3)),INDIRECT("'["&G351&"]"&E351&"'!"&$X$1),0)} -> #VALUE! | I351: =MID(A351,10,6) | J351: =RIGHT(I351,2) | K351: =LEFT(I351,3) | L351: =RIGHT(I351,3) | M351: {=IF(AND(J351=INDIRECT("'["&G351&"]"&E351&"'!"&$Y$2),G351=INDIRECT("'["&G351&"]"&E351&"'!"&$AH$2)),INDIRECT("'["&G351&"]"&E351&"'!"&$Y$3),0)} -> #VALUE! | N351: {=IF(AND(G351=INDIRECT("'["&G351&"]"&E351&"'!"&$AH$2),OR(K351=INDIRECT("'["&G351&"]"&E351&"'!"&$Z$2))),INDIRECT("'["&G351&"]"&E351&"'!"&$Z$3),0)} -> #VALUE! | O351: {=IF(AND(G351=INDIRECT("'["&G351&"]"&E351&"'!"&$AH$2),OR(L351=INDIRECT("'["&G351&"]"&E351&"'!"&$AA$2))),INDIRECT("'["&G351&"]"&E351&"'!"&$AA$3),0)} -> #VALUE! | P351: {=IF(AND(G351=INDIRECT("'["&G351&"]"&E351&"'!"&$AH$2),OR(VALUE(I351)=INDIRECT("'["&G351&"]"&E351&"'!"&$AB$2))),INDIRECT("'["&G351&"]"&E351&"'!"&$AB$3),0)} -> #VALUE! | Q351: {=IF(AND(G351=INDIRECT("'["&G351&"]"&E351&"'!"&$AH$2),OR(VALUE(I351)=INDIRECT("'["&G351&"]"&E351&"'!"&$AC$2))),INDIRECT("'["&G351&"]"&E351&"'!"&$AC$3),0)} -> #VALUE! | R351: {=IF(AND(G351=INDIRECT("'["&G351&"]"&E351&"'!"&$AH$2),OR(I351=INDIRECT("'["&G351&"]"&E351&"'!"&$AD$2))),INDIRECT("'["&G351&"]"&E351&"'!"&$AD$3),0)} -> #VALUE! | S351: {=IF(AND(G351=INDIRECT("'["&G351&"]"&E351&"'!"&$AH$2),OR(I351=INDIRECT("'["&G351&"]"&E351&"'!"&$AE$2))),INDIRECT("'["&G351&"]"&E351&"'!"&$AE$3),0)} -> #VALUE! | T351: {=IF(AND(G351=INDIRECT("'["&G351&"]"&E351&"'!"&$AH$2),OR(I351=INDIRECT("'["&G351&"]"&E351&"'!"&$AF$2))),INDIRECT("'["&G351&"]"&E351&"'!"&$AF$3),0)} -> #VALUE! | U351: {=IF(AND(G351=INDIRECT("'["&G351&"]"&E351&"'!"&$AH$2),OR(I351=INDIRECT("'["&G351&"]"&E351&"'!"&$AG$2))),INDIRECT("'["&G351&"]"&E351&"'!"&$AG$3),0)} -> #VALUE! | V351: =MID(B351,7,9) | W351: {=IF(AND(G351=INDIRECT("'["&G351&"]"&E351&"'!"&$AH$2),OR(V351=INDIRECT("'["&G351&"]"&E351&"'!"&$AI$2))),INDIRECT("'["&G351&"]"&E351&"'!"&$AI$3),0)} -> #VALUE! | AI351: 35.56 | AJ351: 1 | AK351: =(C351*AJ351%) -> 0 | AL351: =C351-AK351 -> 0 | AM351: =IF(A351<>"",IF(AM351="",NOW(),AM351),"") | AN351: =IF(VALUE(N351),"/","") -> #VALUE! | AO351: =IF(VALUE(O351),"/","") -> #VALUE! | AP351: =IF(ISTEXT(W351),"อายัด","") | AQ351: =IF(AND(C351<>0, C352=0), SUM($C$2:C351)-SUM($AQ$1:AQ350), "") | AR351: =IF(AND(AK351<>0, AK352=0), SUM($AK$2:AK351)-SUM($AR$1:AR350), "")
B352: =LEFT(A352,15) | C352: {=SUM(IF(ISNUMBER(M352:U352),M352:U352,""))} -> 0 | D352: =MID(A352,4,2) | E352: =IF(ISEVEN(D352),D352-1,VALUE(D352)) -> #VALUE! | F352: =LEFT(A352,2) | G352: =CONCATENATE(F352,".xlsx") -> .xlsx | H352: {=IF(AND(VALUE(E352)=INDIRECT("'["&G352&"]"&E352&"'!"&$X$2),G352=INDIRECT("'["&G352&"]"&E352&"'!"&$X$3)),INDIRECT("'["&G352&"]"&E352&"'!"&$X$1),0)} -> #VALUE! | I352: =MID(A352,10,6) | J352: =RIGHT(I352,2) | K352: =LEFT(I352,3) | L352: =RIGHT(I352,3) | M352: {=IF(AND(J352=INDIRECT("'["&G352&"]"&E352&"'!"&$Y$2),G352=INDIRECT("'["&G352&"]"&E352&"'!"&$AH$2)),INDIRECT("'["&G352&"]"&E352&"'!"&$Y$3),0)} -> #VALUE! | N352: {=IF(AND(G352=INDIRECT("'["&G352&"]"&E352&"'!"&$AH$2),OR(K352=INDIRECT("'["&G352&"]"&E352&"'!"&$Z$2))),INDIRECT("'["&G352&"]"&E352&"'!"&$Z$3),0)} -> #VALUE! | O352: {=IF(AND(G352=INDIRECT("'["&G352&"]"&E352&"'!"&$AH$2),OR(L352=INDIRECT("'["&G352&"]"&E352&"'!"&$AA$2))),INDIRECT("'["&G352&"]"&E352&"'!"&$AA$3),0)} -> #VALUE! | P352: {=IF(AND(G352=INDIRECT("'["&G352&"]"&E352&"'!"&$AH$2),OR(VALUE(I352)=INDIRECT("'["&G352&"]"&E352&"'!"&$AB$2))),INDIRECT("'["&G352&"]"&E352&"'!"&$AB$3),0)} -> #VALUE! | Q352: {=IF(AND(G352=INDIRECT("'["&G352&"]"&E352&"'!"&$AH$2),OR(VALUE(I352)=INDIRECT("'["&G352&"]"&E352&"'!"&$AC$2))),INDIRECT("'["&G352&"]"&E352&"'!"&$AC$3),0)} -> #VALUE! | R352: {=IF(AND(G352=INDIRECT("'["&G352&"]"&E352&"'!"&$AH$2),OR(I352=INDIRECT("'["&G352&"]"&E352&"'!"&$AD$2))),INDIRECT("'["&G352&"]"&E352&"'!"&$AD$3),0)} -> #VALUE! | S352: {=IF(AND(G352=INDIRECT("'["&G352&"]"&E352&"'!"&$AH$2),OR(I352=INDIRECT("'["&G352&"]"&E352&"'!"&$AE$2))),INDIRECT("'["&G352&"]"&E352&"'!"&$AE$3),0)} -> #VALUE! | T352: {=IF(AND(G352=INDIRECT("'["&G352&"]"&E352&"'!"&$AH$2),OR(I352=INDIRECT("'["&G352&"]"&E352&"'!"&$AF$2))),INDIRECT("'["&G352&"]"&E352&"'!"&$AF$3),0)} -> #VALUE! | U352: {=IF(AND(G352=INDIRECT("'["&G352&"]"&E352&"'!"&$AH$2),OR(I352=INDIRECT("'["&G352&"]"&E352&"'!"&$AG$2))),INDIRECT("'["&G352&"]"&E352&"'!"&$AG$3),0)} -> #VALUE! | V352: =MID(B352,7,9) | W352: {=IF(AND(G352=INDIRECT("'["&G352&"]"&E352&"'!"&$AH$2),OR(V352=INDIRECT("'["&G352&"]"&E352&"'!"&$AI$2))),INDIRECT("'["&G352&"]"&E352&"'!"&$AI$3),0)} -> #VALUE! | AI352: 35.66 | AJ352: 1 | AK352: =(C352*AJ352%) -> 0 | AL352: =C352-AK352 -> 0 | AM352: =IF(A352<>"",IF(AM352="",NOW(),AM352),"") | AN352: =IF(VALUE(N352),"/","") -> #VALUE! | AO352: =IF(VALUE(O352),"/","") -> #VALUE! | AP352: =IF(ISTEXT(W352),"อายัด","") | AQ352: =IF(AND(C352<>0, C353=0), SUM($C$2:C352)-SUM($AQ$1:AQ351), "") | AR352: =IF(AND(AK352<>0, AK353=0), SUM($AK$2:AK352)-SUM($AR$1:AR351), "")
B353: =LEFT(A353,15) | C353: {=SUM(IF(ISNUMBER(M353:U353),M353:U353,""))} -> 0 | D353: =MID(A353,4,2) | E353: =IF(ISEVEN(D353),D353-1,VALUE(D353)) -> #VALUE! | F353: =LEFT(A353,2) | G353: =CONCATENATE(F353,".xlsx") -> .xlsx | H353: {=IF(AND(VALUE(E353)=INDIRECT("'["&G353&"]"&E353&"'!"&$X$2),G353=INDIRECT("'["&G353&"]"&E353&"'!"&$X$3)),INDIRECT("'["&G353&"]"&E353&"'!"&$X$1),0)} -> #VALUE! | I353: =MID(A353,10,6) | J353: =RIGHT(I353,2) | K353: =LEFT(I353,3) | L353: =RIGHT(I353,3) | M353: {=IF(AND(J353=INDIRECT("'["&G353&"]"&E353&"'!"&$Y$2),G353=INDIRECT("'["&G353&"]"&E353&"'!"&$AH$2)),INDIRECT("'["&G353&"]"&E353&"'!"&$Y$3),0)} -> #VALUE! | N353: {=IF(AND(G353=INDIRECT("'["&G353&"]"&E353&"'!"&$AH$2),OR(K353=INDIRECT("'["&G353&"]"&E353&"'!"&$Z$2))),INDIRECT("'["&G353&"]"&E353&"'!"&$Z$3),0)} -> #VALUE! | O353: {=IF(AND(G353=INDIRECT("'["&G353&"]"&E353&"'!"&$AH$2),OR(L353=INDIRECT("'["&G353&"]"&E353&"'!"&$AA$2))),INDIRECT("'["&G353&"]"&E353&"'!"&$AA$3),0)} -> #VALUE! | P353: {=IF(AND(G353=INDIRECT("'["&G353&"]"&E353&"'!"&$AH$2),OR(VALUE(I353)=INDIRECT("'["&G353&"]"&E353&"'!"&$AB$2))),INDIRECT("'["&G353&"]"&E353&"'!"&$AB$3),0)} -> #VALUE! | Q353: {=IF(AND(G353=INDIRECT("'["&G353&"]"&E353&"'!"&$AH$2),OR(VALUE(I353)=INDIRECT("'["&G353&"]"&E353&"'!"&$AC$2))),INDIRECT("'["&G353&"]"&E353&"'!"&$AC$3),0)} -> #VALUE! | R353: {=IF(AND(G353=INDIRECT("'["&G353&"]"&E353&"'!"&$AH$2),OR(I353=INDIRECT("'["&G353&"]"&E353&"'!"&$AD$2))),INDIRECT("'["&G353&"]"&E353&"'!"&$AD$3),0)} -> #VALUE! | S353: {=IF(AND(G353=INDIRECT("'["&G353&"]"&E353&"'!"&$AH$2),OR(I353=INDIRECT("'["&G353&"]"&E353&"'!"&$AE$2))),INDIRECT("'["&G353&"]"&E353&"'!"&$AE$3),0)} -> #VALUE! | T353: {=IF(AND(G353=INDIRECT("'["&G353&"]"&E353&"'!"&$AH$2),OR(I353=INDIRECT("'["&G353&"]"&E353&"'!"&$AF$2))),INDIRECT("'["&G353&"]"&E353&"'!"&$AF$3),0)} -> #VALUE! | U353: {=IF(AND(G353=INDIRECT("'["&G353&"]"&E353&"'!"&$AH$2),OR(I353=INDIRECT("'["&G353&"]"&E353&"'!"&$AG$2))),INDIRECT("'["&G353&"]"&E353&"'!"&$AG$3),0)} -> #VALUE! | V353: =MID(B353,7,9) | W353: {=IF(AND(G353=INDIRECT("'["&G353&"]"&E353&"'!"&$AH$2),OR(V353=INDIRECT("'["&G353&"]"&E353&"'!"&$AI$2))),INDIRECT("'["&G353&"]"&E353&"'!"&$AI$3),0)} -> #VALUE! | AJ353: 1 | AK353: =(C353*AJ353%) -> 0 | AL353: =C353-AK353 -> 0 | AM353: =IF(A353<>"",IF(AM353="",NOW(),AM353),"") | AN353: =IF(VALUE(N353),"/","") -> #VALUE! | AO353: =IF(VALUE(O353),"/","") -> #VALUE! | AP353: =IF(ISTEXT(W353),"อายัด","") | AQ353: =IF(AND(C353<>0, C354=0), SUM($C$2:C353)-SUM($AQ$1:AQ352), "") | AR353: =IF(AND(AK353<>0, AK354=0), SUM($AK$2:AK353)-SUM($AR$1:AR352), "")
B354: =LEFT(A354,15) | C354: {=SUM(IF(ISNUMBER(M354:U354),M354:U354,""))} -> 0 | D354: =MID(A354,4,2) | E354: =IF(ISEVEN(D354),D354-1,VALUE(D354)) -> #VALUE! | F354: =LEFT(A354,2) | G354: =CONCATENATE(F354,".xlsx") -> .xlsx | H354: {=IF(AND(VALUE(E354)=INDIRECT("'["&G354&"]"&E354&"'!"&$X$2),G354=INDIRECT("'["&G354&"]"&E354&"'!"&$X$3)),INDIRECT("'["&G354&"]"&E354&"'!"&$X$1),0)} -> #VALUE! | I354: =MID(A354,10,6) | J354: =RIGHT(I354,2) | K354: =LEFT(I354,3) | L354: =RIGHT(I354,3) | M354: {=IF(AND(J354=INDIRECT("'["&G354&"]"&E354&"'!"&$Y$2),G354=INDIRECT("'["&G354&"]"&E354&"'!"&$AH$2)),INDIRECT("'["&G354&"]"&E354&"'!"&$Y$3),0)} -> #VALUE! | N354: {=IF(AND(G354=INDIRECT("'["&G354&"]"&E354&"'!"&$AH$2),OR(K354=INDIRECT("'["&G354&"]"&E354&"'!"&$Z$2))),INDIRECT("'["&G354&"]"&E354&"'!"&$Z$3),0)} -> #VALUE! | O354: {=IF(AND(G354=INDIRECT("'["&G354&"]"&E354&"'!"&$AH$2),OR(L354=INDIRECT("'["&G354&"]"&E354&"'!"&$AA$2))),INDIRECT("'["&G354&"]"&E354&"'!"&$AA$3),0)} -> #VALUE! | P354: {=IF(AND(G354=INDIRECT("'["&G354&"]"&E354&"'!"&$AH$2),OR(VALUE(I354)=INDIRECT("'["&G354&"]"&E354&"'!"&$AB$2))),INDIRECT("'["&G354&"]"&E354&"'!"&$AB$3),0)} -> #VALUE! | Q354: {=IF(AND(G354=INDIRECT("'["&G354&"]"&E354&"'!"&$AH$2),OR(VALUE(I354)=INDIRECT("'["&G354&"]"&E354&"'!"&$AC$2))),INDIRECT("'["&G354&"]"&E354&"'!"&$AC$3),0)} -> #VALUE! | R354: {=IF(AND(G354=INDIRECT("'["&G354&"]"&E354&"'!"&$AH$2),OR(I354=INDIRECT("'["&G354&"]"&E354&"'!"&$AD$2))),INDIRECT("'["&G354&"]"&E354&"'!"&$AD$3),0)} -> #VALUE! | S354: {=IF(AND(G354=INDIRECT("'["&G354&"]"&E354&"'!"&$AH$2),OR(I354=INDIRECT("'["&G354&"]"&E354&"'!"&$AE$2))),INDIRECT("'["&G354&"]"&E354&"'!"&$AE$3),0)} -> #VALUE! | T354: {=IF(AND(G354=INDIRECT("'["&G354&"]"&E354&"'!"&$AH$2),OR(I354=INDIRECT("'["&G354&"]"&E354&"'!"&$AF$2))),INDIRECT("'["&G354&"]"&E354&"'!"&$AF$3),0)} -> #VALUE! | U354: {=IF(AND(G354=INDIRECT("'["&G354&"]"&E354&"'!"&$AH$2),OR(I354=INDIRECT("'["&G354&"]"&E354&"'!"&$AG$2))),INDIRECT("'["&G354&"]"&E354&"'!"&$AG$3),0)} -> #VALUE! | V354: =MID(B354,7,9) | W354: {=IF(AND(G354=INDIRECT("'["&G354&"]"&E354&"'!"&$AH$2),OR(V354=INDIRECT("'["&G354&"]"&E354&"'!"&$AI$2))),INDIRECT("'["&G354&"]"&E354&"'!"&$AI$3),0)} -> #VALUE! | AJ354: 1 | AK354: =(C354*AJ354%) -> 0 | AL354: =C354-AK354 -> 0 | AM354: =IF(A354<>"",IF(AM354="",NOW(),AM354),"") | AN354: =IF(VALUE(N354),"/","") -> #VALUE! | AO354: =IF(VALUE(O354),"/","") -> #VALUE! | AP354: =IF(ISTEXT(W354),"อายัด","") | AQ354: =IF(AND(C354<>0, C355=0), SUM($C$2:C354)-SUM($AQ$1:AQ353), "") | AR354: =IF(AND(AK354<>0, AK355=0), SUM($AK$2:AK354)-SUM($AR$1:AR353), "")
B355: =LEFT(A355,15) | C355: {=SUM(IF(ISNUMBER(M355:U355),M355:U355,""))} -> 0 | D355: =MID(A355,4,2) | E355: =IF(ISEVEN(D355),D355-1,VALUE(D355)) -> #VALUE! | F355: =LEFT(A355,2) | G355: =CONCATENATE(F355,".xlsx") -> .xlsx | H355: {=IF(AND(VALUE(E355)=INDIRECT("'["&G355&"]"&E355&"'!"&$X$2),G355=INDIRECT("'["&G355&"]"&E355&"'!"&$X$3)),INDIRECT("'["&G355&"]"&E355&"'!"&$X$1),0)} -> #VALUE! | I355: =MID(A355,10,6) | J355: =RIGHT(I355,2) | K355: =LEFT(I355,3) | L355: =RIGHT(I355,3) | M355: {=IF(AND(J355=INDIRECT("'["&G355&"]"&E355&"'!"&$Y$2),G355=INDIRECT("'["&G355&"]"&E355&"'!"&$AH$2)),INDIRECT("'["&G355&"]"&E355&"'!"&$Y$3),0)} -> #VALUE! | N355: {=IF(AND(G355=INDIRECT("'["&G355&"]"&E355&"'!"&$AH$2),OR(K355=INDIRECT("'["&G355&"]"&E355&"'!"&$Z$2))),INDIRECT("'["&G355&"]"&E355&"'!"&$Z$3),0)} -> #VALUE! | O355: {=IF(AND(G355=INDIRECT("'["&G355&"]"&E355&"'!"&$AH$2),OR(L355=INDIRECT("'["&G355&"]"&E355&"'!"&$AA$2))),INDIRECT("'["&G355&"]"&E355&"'!"&$AA$3),0)} -> #VALUE! | P355: {=IF(AND(G355=INDIRECT("'["&G355&"]"&E355&"'!"&$AH$2),OR(VALUE(I355)=INDIRECT("'["&G355&"]"&E355&"'!"&$AB$2))),INDIRECT("'["&G355&"]"&E355&"'!"&$AB$3),0)} -> #VALUE! | Q355: {=IF(AND(G355=INDIRECT("'["&G355&"]"&E355&"'!"&$AH$2),OR(VALUE(I355)=INDIRECT("'["&G355&"]"&E355&"'!"&$AC$2))),INDIRECT("'["&G355&"]"&E355&"'!"&$AC$3),0)} -> #VALUE! | R355: {=IF(AND(G355=INDIRECT("'["&G355&"]"&E355&"'!"&$AH$2),OR(I355=INDIRECT("'["&G355&"]"&E355&"'!"&$AD$2))),INDIRECT("'["&G355&"]"&E355&"'!"&$AD$3),0)} -> #VALUE! | S355: {=IF(AND(G355=INDIRECT("'["&G355&"]"&E355&"'!"&$AH$2),OR(I355=INDIRECT("'["&G355&"]"&E355&"'!"&$AE$2))),INDIRECT("'["&G355&"]"&E355&"'!"&$AE$3),0)} -> #VALUE! | T355: {=IF(AND(G355=INDIRECT("'["&G355&"]"&E355&"'!"&$AH$2),OR(I355=INDIRECT("'["&G355&"]"&E355&"'!"&$AF$2))),INDIRECT("'["&G355&"]"&E355&"'!"&$AF$3),0)} -> #VALUE! | U355: {=IF(AND(G355=INDIRECT("'["&G355&"]"&E355&"'!"&$AH$2),OR(I355=INDIRECT("'["&G355&"]"&E355&"'!"&$AG$2))),INDIRECT("'["&G355&"]"&E355&"'!"&$AG$3),0)} -> #VALUE! | V355: =MID(B355,7,9) | W355: {=IF(AND(G355=INDIRECT("'["&G355&"]"&E355&"'!"&$AH$2),OR(V355=INDIRECT("'["&G355&"]"&E355&"'!"&$AI$2))),INDIRECT("'["&G355&"]"&E355&"'!"&$AI$3),0)} -> #VALUE! | AJ355: 1 | AK355: =(C355*AJ355%) -> 0 | AL355: =C355-AK355 -> 0 | AM355: =IF(A355<>"",IF(AM355="",NOW(),AM355),"") | AN355: =IF(VALUE(N355),"/","") -> #VALUE! | AO355: =IF(VALUE(O355),"/","") -> #VALUE! | AP355: =IF(ISTEXT(W355),"อายัด","") | AQ355: =IF(AND(C355<>0, C356=0), SUM($C$2:C355)-SUM($AQ$1:AQ354), "") | AR355: =IF(AND(AK355<>0, AK356=0), SUM($AK$2:AK355)-SUM($AR$1:AR354), "")
B356: =LEFT(A356,15) | C356: {=SUM(IF(ISNUMBER(M356:U356),M356:U356,""))} -> 0 | D356: =MID(A356,4,2) | E356: =IF(ISEVEN(D356),D356-1,VALUE(D356)) -> #VALUE! | F356: =LEFT(A356,2) | G356: =CONCATENATE(F356,".xlsx") -> .xlsx | H356: {=IF(AND(VALUE(E356)=INDIRECT("'["&G356&"]"&E356&"'!"&$X$2),G356=INDIRECT("'["&G356&"]"&E356&"'!"&$X$3)),INDIRECT("'["&G356&"]"&E356&"'!"&$X$1),0)} -> #VALUE! | I356: =MID(A356,10,6) | J356: =RIGHT(I356,2) | K356: =LEFT(I356,3) | L356: =RIGHT(I356,3) | M356: {=IF(AND(J356=INDIRECT("'["&G356&"]"&E356&"'!"&$Y$2),G356=INDIRECT("'["&G356&"]"&E356&"'!"&$AH$2)),INDIRECT("'["&G356&"]"&E356&"'!"&$Y$3),0)} -> #VALUE! | N356: {=IF(AND(G356=INDIRECT("'["&G356&"]"&E356&"'!"&$AH$2),OR(K356=INDIRECT("'["&G356&"]"&E356&"'!"&$Z$2))),INDIRECT("'["&G356&"]"&E356&"'!"&$Z$3),0)} -> #VALUE! | O356: {=IF(AND(G356=INDIRECT("'["&G356&"]"&E356&"'!"&$AH$2),OR(L356=INDIRECT("'["&G356&"]"&E356&"'!"&$AA$2))),INDIRECT("'["&G356&"]"&E356&"'!"&$AA$3),0)} -> #VALUE! | P356: {=IF(AND(G356=INDIRECT("'["&G356&"]"&E356&"'!"&$AH$2),OR(VALUE(I356)=INDIRECT("'["&G356&"]"&E356&"'!"&$AB$2))),INDIRECT("'["&G356&"]"&E356&"'!"&$AB$3),0)} -> #VALUE! | Q356: {=IF(AND(G356=INDIRECT("'["&G356&"]"&E356&"'!"&$AH$2),OR(VALUE(I356)=INDIRECT("'["&G356&"]"&E356&"'!"&$AC$2))),INDIRECT("'["&G356&"]"&E356&"'!"&$AC$3),0)} -> #VALUE! | R356: {=IF(AND(G356=INDIRECT("'["&G356&"]"&E356&"'!"&$AH$2),OR(I356=INDIRECT("'["&G356&"]"&E356&"'!"&$AD$2))),INDIRECT("'["&G356&"]"&E356&"'!"&$AD$3),0)} -> #VALUE! | S356: {=IF(AND(G356=INDIRECT("'["&G356&"]"&E356&"'!"&$AH$2),OR(I356=INDIRECT("'["&G356&"]"&E356&"'!"&$AE$2))),INDIRECT("'["&G356&"]"&E356&"'!"&$AE$3),0)} -> #VALUE! | T356: {=IF(AND(G356=INDIRECT("'["&G356&"]"&E356&"'!"&$AH$2),OR(I356=INDIRECT("'["&G356&"]"&E356&"'!"&$AF$2))),INDIRECT("'["&G356&"]"&E356&"'!"&$AF$3),0)} -> #VALUE! | U356: {=IF(AND(G356=INDIRECT("'["&G356&"]"&E356&"'!"&$AH$2),OR(I356=INDIRECT("'["&G356&"]"&E356&"'!"&$AG$2))),INDIRECT("'["&G356&"]"&E356&"'!"&$AG$3),0)} -> #VALUE! | V356: =MID(B356,7,9) | W356: {=IF(AND(G356=INDIRECT("'["&G356&"]"&E356&"'!"&$AH$2),OR(V356=INDIRECT("'["&G356&"]"&E356&"'!"&$AI$2))),INDIRECT("'["&G356&"]"&E356&"'!"&$AI$3),0)} -> #VALUE! | AJ356: 1 | AK356: =(C356*AJ356%) -> 0 | AL356: =C356-AK356 -> 0 | AM356: =IF(A356<>"",IF(AM356="",NOW(),AM356),"") | AN356: =IF(VALUE(N356),"/","") -> #VALUE! | AO356: =IF(VALUE(O356),"/","") -> #VALUE! | AP356: =IF(ISTEXT(W356),"อายัด","") | AQ356: =IF(AND(C356<>0, C357=0), SUM($C$2:C356)-SUM($AQ$1:AQ355), "") | AR356: =IF(AND(AK356<>0, AK357=0), SUM($AK$2:AK356)-SUM($AR$1:AR355), "")
B357: =LEFT(A357,15) | C357: {=SUM(IF(ISNUMBER(M357:U357),M357:U357,""))} -> 0 | D357: =MID(A357,4,2) | E357: =IF(ISEVEN(D357),D357-1,VALUE(D357)) -> #VALUE! | F357: =LEFT(A357,2) | G357: =CONCATENATE(F357,".xlsx") -> .xlsx | H357: {=IF(AND(VALUE(E357)=INDIRECT("'["&G357&"]"&E357&"'!"&$X$2),G357=INDIRECT("'["&G357&"]"&E357&"'!"&$X$3)),INDIRECT("'["&G357&"]"&E357&"'!"&$X$1),0)} -> #VALUE! | I357: =MID(A357,10,6) | J357: =RIGHT(I357,2) | K357: =LEFT(I357,3) | L357: =RIGHT(I357,3) | M357: {=IF(AND(J357=INDIRECT("'["&G357&"]"&E357&"'!"&$Y$2),G357=INDIRECT("'["&G357&"]"&E357&"'!"&$AH$2)),INDIRECT("'["&G357&"]"&E357&"'!"&$Y$3),0)} -> #VALUE! | N357: {=IF(AND(G357=INDIRECT("'["&G357&"]"&E357&"'!"&$AH$2),OR(K357=INDIRECT("'["&G357&"]"&E357&"'!"&$Z$2))),INDIRECT("'["&G357&"]"&E357&"'!"&$Z$3),0)} -> #VALUE! | O357: {=IF(AND(G357=INDIRECT("'["&G357&"]"&E357&"'!"&$AH$2),OR(L357=INDIRECT("'["&G357&"]"&E357&"'!"&$AA$2))),INDIRECT("'["&G357&"]"&E357&"'!"&$AA$3),0)} -> #VALUE! | P357: {=IF(AND(G357=INDIRECT("'["&G357&"]"&E357&"'!"&$AH$2),OR(VALUE(I357)=INDIRECT("'["&G357&"]"&E357&"'!"&$AB$2))),INDIRECT("'["&G357&"]"&E357&"'!"&$AB$3),0)} -> #VALUE! | Q357: {=IF(AND(G357=INDIRECT("'["&G357&"]"&E357&"'!"&$AH$2),OR(VALUE(I357)=INDIRECT("'["&G357&"]"&E357&"'!"&$AC$2))),INDIRECT("'["&G357&"]"&E357&"'!"&$AC$3),0)} -> #VALUE! | R357: {=IF(AND(G357=INDIRECT("'["&G357&"]"&E357&"'!"&$AH$2),OR(I357=INDIRECT("'["&G357&"]"&E357&"'!"&$AD$2))),INDIRECT("'["&G357&"]"&E357&"'!"&$AD$3),0)} -> #VALUE! | S357: {=IF(AND(G357=INDIRECT("'["&G357&"]"&E357&"'!"&$AH$2),OR(I357=INDIRECT("'["&G357&"]"&E357&"'!"&$AE$2))),INDIRECT("'["&G357&"]"&E357&"'!"&$AE$3),0)} -> #VALUE! | T357: {=IF(AND(G357=INDIRECT("'["&G357&"]"&E357&"'!"&$AH$2),OR(I357=INDIRECT("'["&G357&"]"&E357&"'!"&$AF$2))),INDIRECT("'["&G357&"]"&E357&"'!"&$AF$3),0)} -> #VALUE! | U357: {=IF(AND(G357=INDIRECT("'["&G357&"]"&E357&"'!"&$AH$2),OR(I357=INDIRECT("'["&G357&"]"&E357&"'!"&$AG$2))),INDIRECT("'["&G357&"]"&E357&"'!"&$AG$3),0)} -> #VALUE! | V357: =MID(B357,7,9) | W357: {=IF(AND(G357=INDIRECT("'["&G357&"]"&E357&"'!"&$AH$2),OR(V357=INDIRECT("'["&G357&"]"&E357&"'!"&$AI$2))),INDIRECT("'["&G357&"]"&E357&"'!"&$AI$3),0)} -> #VALUE! | AJ357: 1 | AK357: =(C357*AJ357%) -> 0 | AL357: =C357-AK357 -> 0 | AM357: =IF(A357<>"",IF(AM357="",NOW(),AM357),"") | AN357: =IF(VALUE(N357),"/","") -> #VALUE! | AO357: =IF(VALUE(O357),"/","") -> #VALUE! | AP357: =IF(ISTEXT(W357),"อายัด","") | AQ357: =IF(AND(C357<>0, C358=0), SUM($C$2:C357)-SUM($AQ$1:AQ356), "") | AR357: =IF(AND(AK357<>0, AK358=0), SUM($AK$2:AK357)-SUM($AR$1:AR356), "")
B358: =LEFT(A358,15) | C358: {=SUM(IF(ISNUMBER(M358:U358),M358:U358,""))} -> 0 | D358: =MID(A358,4,2) | E358: =IF(ISEVEN(D358),D358-1,VALUE(D358)) -> #VALUE! | F358: =LEFT(A358,2) | G358: =CONCATENATE(F358,".xlsx") -> .xlsx | H358: {=IF(AND(VALUE(E358)=INDIRECT("'["&G358&"]"&E358&"'!"&$X$2),G358=INDIRECT("'["&G358&"]"&E358&"'!"&$X$3)),INDIRECT("'["&G358&"]"&E358&"'!"&$X$1),0)} -> #VALUE! | I358: =MID(A358,10,6) | J358: =RIGHT(I358,2) | K358: =LEFT(I358,3) | L358: =RIGHT(I358,3) | M358: {=IF(AND(J358=INDIRECT("'["&G358&"]"&E358&"'!"&$Y$2),G358=INDIRECT("'["&G358&"]"&E358&"'!"&$AH$2)),INDIRECT("'["&G358&"]"&E358&"'!"&$Y$3),0)} -> #VALUE! | N358: {=IF(AND(G358=INDIRECT("'["&G358&"]"&E358&"'!"&$AH$2),OR(K358=INDIRECT("'["&G358&"]"&E358&"'!"&$Z$2))),INDIRECT("'["&G358&"]"&E358&"'!"&$Z$3),0)} -> #VALUE! | O358: {=IF(AND(G358=INDIRECT("'["&G358&"]"&E358&"'!"&$AH$2),OR(L358=INDIRECT("'["&G358&"]"&E358&"'!"&$AA$2))),INDIRECT("'["&G358&"]"&E358&"'!"&$AA$3),0)} -> #VALUE! | P358: {=IF(AND(G358=INDIRECT("'["&G358&"]"&E358&"'!"&$AH$2),OR(VALUE(I358)=INDIRECT("'["&G358&"]"&E358&"'!"&$AB$2))),INDIRECT("'["&G358&"]"&E358&"'!"&$AB$3),0)} -> #VALUE! | Q358: {=IF(AND(G358=INDIRECT("'["&G358&"]"&E358&"'!"&$AH$2),OR(VALUE(I358)=INDIRECT("'["&G358&"]"&E358&"'!"&$AC$2))),INDIRECT("'["&G358&"]"&E358&"'!"&$AC$3),0)} -> #VALUE! | R358: {=IF(AND(G358=INDIRECT("'["&G358&"]"&E358&"'!"&$AH$2),OR(I358=INDIRECT("'["&G358&"]"&E358&"'!"&$AD$2))),INDIRECT("'["&G358&"]"&E358&"'!"&$AD$3),0)} -> #VALUE! | S358: {=IF(AND(G358=INDIRECT("'["&G358&"]"&E358&"'!"&$AH$2),OR(I358=INDIRECT("'["&G358&"]"&E358&"'!"&$AE$2))),INDIRECT("'["&G358&"]"&E358&"'!"&$AE$3),0)} -> #VALUE! | T358: {=IF(AND(G358=INDIRECT("'["&G358&"]"&E358&"'!"&$AH$2),OR(I358=INDIRECT("'["&G358&"]"&E358&"'!"&$AF$2))),INDIRECT("'["&G358&"]"&E358&"'!"&$AF$3),0)} -> #VALUE! | U358: {=IF(AND(G358=INDIRECT("'["&G358&"]"&E358&"'!"&$AH$2),OR(I358=INDIRECT("'["&G358&"]"&E358&"'!"&$AG$2))),INDIRECT("'["&G358&"]"&E358&"'!"&$AG$3),0)} -> #VALUE! | V358: =MID(B358,7,9) | W358: {=IF(AND(G358=INDIRECT("'["&G358&"]"&E358&"'!"&$AH$2),OR(V358=INDIRECT("'["&G358&"]"&E358&"'!"&$AI$2))),INDIRECT("'["&G358&"]"&E358&"'!"&$AI$3),0)} -> #VALUE! | AJ358: 1 | AK358: =(C358*AJ358%) -> 0 | AL358: =C358-AK358 -> 0 | AM358: =IF(A358<>"",IF(AM358="",NOW(),AM358),"") | AN358: =IF(VALUE(N358),"/","") -> #VALUE! | AO358: =IF(VALUE(O358),"/","") -> #VALUE! | AP358: =IF(ISTEXT(W358),"อายัด","") | AQ358: =IF(AND(C358<>0, C359=0), SUM($C$2:C358)-SUM($AQ$1:AQ357), "") | AR358: =IF(AND(AK358<>0, AK359=0), SUM($AK$2:AK358)-SUM($AR$1:AR357), "")
B359: =LEFT(A359,15) | C359: {=SUM(IF(ISNUMBER(M359:U359),M359:U359,""))} -> 0 | D359: =MID(A359,4,2) | E359: =IF(ISEVEN(D359),D359-1,VALUE(D359)) -> #VALUE! | F359: =LEFT(A359,2) | G359: =CONCATENATE(F359,".xlsx") -> .xlsx | H359: {=IF(AND(VALUE(E359)=INDIRECT("'["&G359&"]"&E359&"'!"&$X$2),G359=INDIRECT("'["&G359&"]"&E359&"'!"&$X$3)),INDIRECT("'["&G359&"]"&E359&"'!"&$X$1),0)} -> #VALUE! | I359: =MID(A359,10,6) | J359: =RIGHT(I359,2) | K359: =LEFT(I359,3) | L359: =RIGHT(I359,3) | M359: {=IF(AND(J359=INDIRECT("'["&G359&"]"&E359&"'!"&$Y$2),G359=INDIRECT("'["&G359&"]"&E359&"'!"&$AH$2)),INDIRECT("'["&G359&"]"&E359&"'!"&$Y$3),0)} -> #VALUE! | N359: {=IF(AND(G359=INDIRECT("'["&G359&"]"&E359&"'!"&$AH$2),OR(K359=INDIRECT("'["&G359&"]"&E359&"'!"&$Z$2))),INDIRECT("'["&G359&"]"&E359&"'!"&$Z$3),0)} -> #VALUE! | O359: {=IF(AND(G359=INDIRECT("'["&G359&"]"&E359&"'!"&$AH$2),OR(L359=INDIRECT("'["&G359&"]"&E359&"'!"&$AA$2))),INDIRECT("'["&G359&"]"&E359&"'!"&$AA$3),0)} -> #VALUE! | P359: {=IF(AND(G359=INDIRECT("'["&G359&"]"&E359&"'!"&$AH$2),OR(VALUE(I359)=INDIRECT("'["&G359&"]"&E359&"'!"&$AB$2))),INDIRECT("'["&G359&"]"&E359&"'!"&$AB$3),0)} -> #VALUE! | Q359: {=IF(AND(G359=INDIRECT("'["&G359&"]"&E359&"'!"&$AH$2),OR(VALUE(I359)=INDIRECT("'["&G359&"]"&E359&"'!"&$AC$2))),INDIRECT("'["&G359&"]"&E359&"'!"&$AC$3),0)} -> #VALUE! | R359: {=IF(AND(G359=INDIRECT("'["&G359&"]"&E359&"'!"&$AH$2),OR(I359=INDIRECT("'["&G359&"]"&E359&"'!"&$AD$2))),INDIRECT("'["&G359&"]"&E359&"'!"&$AD$3),0)} -> #VALUE! | S359: {=IF(AND(G359=INDIRECT("'["&G359&"]"&E359&"'!"&$AH$2),OR(I359=INDIRECT("'["&G359&"]"&E359&"'!"&$AE$2))),INDIRECT("'["&G359&"]"&E359&"'!"&$AE$3),0)} -> #VALUE! | T359: {=IF(AND(G359=INDIRECT("'["&G359&"]"&E359&"'!"&$AH$2),OR(I359=INDIRECT("'["&G359&"]"&E359&"'!"&$AF$2))),INDIRECT("'["&G359&"]"&E359&"'!"&$AF$3),0)} -> #VALUE! | U359: {=IF(AND(G359=INDIRECT("'["&G359&"]"&E359&"'!"&$AH$2),OR(I359=INDIRECT("'["&G359&"]"&E359&"'!"&$AG$2))),INDIRECT("'["&G359&"]"&E359&"'!"&$AG$3),0)} -> #VALUE! | V359: =MID(B359,7,9) | W359: {=IF(AND(G359=INDIRECT("'["&G359&"]"&E359&"'!"&$AH$2),OR(V359=INDIRECT("'["&G359&"]"&E359&"'!"&$AI$2))),INDIRECT("'["&G359&"]"&E359&"'!"&$AI$3),0)} -> #VALUE! | AI359: =AQ359/AP359 -> #VALUE! | AJ359: 1 | AK359: =(C359*AJ359%) -> 0 | AL359: =C359-AK359 -> 0 | AM359: =IF(A359<>"",IF(AM359="",NOW(),AM359),"") | AN359: =IF(VALUE(N359),"/","") -> #VALUE! | AO359: =IF(VALUE(O359),"/","") -> #VALUE! | AP359: =IF(ISTEXT(W359),"อายัด","") | AQ359: =IF(AND(C359<>0, C360=0), SUM($C$2:C359)-SUM($AQ$1:AQ358), "") | AR359: =IF(AND(AK359<>0, AK360=0), SUM($AK$2:AK359)-SUM($AR$1:AR358), "")
B360: =LEFT(A360,15) | C360: {=SUM(IF(ISNUMBER(M360:U360),M360:U360,""))} -> 0 | D360: =MID(A360,4,2) | E360: =IF(ISEVEN(D360),D360-1,VALUE(D360)) -> #VALUE! | F360: =LEFT(A360,2) | G360: =CONCATENATE(F360,".xlsx") -> .xlsx | H360: {=IF(AND(VALUE(E360)=INDIRECT("'["&G360&"]"&E360&"'!"&$X$2),G360=INDIRECT("'["&G360&"]"&E360&"'!"&$X$3)),INDIRECT("'["&G360&"]"&E360&"'!"&$X$1),0)} -> #VALUE! | I360: =MID(A360,10,6) | J360: =RIGHT(I360,2) | K360: =LEFT(I360,3) | L360: =RIGHT(I360,3) | M360: {=IF(AND(J360=INDIRECT("'["&G360&"]"&E360&"'!"&$Y$2),G360=INDIRECT("'["&G360&"]"&E360&"'!"&$AH$2)),INDIRECT("'["&G360&"]"&E360&"'!"&$Y$3),0)} -> #VALUE! | N360: {=IF(AND(G360=INDIRECT("'["&G360&"]"&E360&"'!"&$AH$2),OR(K360=INDIRECT("'["&G360&"]"&E360&"'!"&$Z$2))),INDIRECT("'["&G360&"]"&E360&"'!"&$Z$3),0)} -> #VALUE! | O360: {=IF(AND(G360=INDIRECT("'["&G360&"]"&E360&"'!"&$AH$2),OR(L360=INDIRECT("'["&G360&"]"&E360&"'!"&$AA$2))),INDIRECT("'["&G360&"]"&E360&"'!"&$AA$3),0)} -> #VALUE! | P360: {=IF(AND(G360=INDIRECT("'["&G360&"]"&E360&"'!"&$AH$2),OR(VALUE(I360)=INDIRECT("'["&G360&"]"&E360&"'!"&$AB$2))),INDIRECT("'["&G360&"]"&E360&"'!"&$AB$3),0)} -> #VALUE! | Q360: {=IF(AND(G360=INDIRECT("'["&G360&"]"&E360&"'!"&$AH$2),OR(VALUE(I360)=INDIRECT("'["&G360&"]"&E360&"'!"&$AC$2))),INDIRECT("'["&G360&"]"&E360&"'!"&$AC$3),0)} -> #VALUE! | R360: {=IF(AND(G360=INDIRECT("'["&G360&"]"&E360&"'!"&$AH$2),OR(I360=INDIRECT("'["&G360&"]"&E360&"'!"&$AD$2))),INDIRECT("'["&G360&"]"&E360&"'!"&$AD$3),0)} -> #VALUE! | S360: {=IF(AND(G360=INDIRECT("'["&G360&"]"&E360&"'!"&$AH$2),OR(I360=INDIRECT("'["&G360&"]"&E360&"'!"&$AE$2))),INDIRECT("'["&G360&"]"&E360&"'!"&$AE$3),0)} -> #VALUE! | T360: {=IF(AND(G360=INDIRECT("'["&G360&"]"&E360&"'!"&$AH$2),OR(I360=INDIRECT("'["&G360&"]"&E360&"'!"&$AF$2))),INDIRECT("'["&G360&"]"&E360&"'!"&$AF$3),0)} -> #VALUE! | U360: {=IF(AND(G360=INDIRECT("'["&G360&"]"&E360&"'!"&$AH$2),OR(I360=INDIRECT("'["&G360&"]"&E360&"'!"&$AG$2))),INDIRECT("'["&G360&"]"&E360&"'!"&$AG$3),0)} -> #VALUE! | V360: =MID(B360,7,9) | W360: {=IF(AND(G360=INDIRECT("'["&G360&"]"&E360&"'!"&$AH$2),OR(V360=INDIRECT("'["&G360&"]"&E360&"'!"&$AI$2))),INDIRECT("'["&G360&"]"&E360&"'!"&$AI$3),0)} -> #VALUE! | AJ360: 1 | AK360: =(C360*AJ360%) -> 0 | AL360: =C360-AK360 -> 0 | AM360: =IF(A360<>"",IF(AM360="",NOW(),AM360),"") | AN360: =IF(VALUE(N360),"/","") -> #VALUE! | AO360: =IF(VALUE(O360),"/","") -> #VALUE! | AP360: =IF(ISTEXT(W360),"อายัด","") | AQ360: =IF(AND(C360<>0, C361=0), SUM($C$2:C360)-SUM($AQ$1:AQ359), "") | AR360: =IF(AND(AK360<>0, AK361=0), SUM($AK$2:AK360)-SUM($AR$1:AR359), "")
B361: =LEFT(A361,15) | C361: {=SUM(IF(ISNUMBER(M361:U361),M361:U361,""))} -> 0 | D361: =MID(A361,4,2) | E361: =IF(ISEVEN(D361),D361-1,VALUE(D361)) -> #VALUE! | F361: =LEFT(A361,2) | G361: =CONCATENATE(F361,".xlsx") -> .xlsx | H361: {=IF(AND(VALUE(E361)=INDIRECT("'["&G361&"]"&E361&"'!"&$X$2),G361=INDIRECT("'["&G361&"]"&E361&"'!"&$X$3)),INDIRECT("'["&G361&"]"&E361&"'!"&$X$1),0)} -> #VALUE! | I361: =MID(A361,10,6) | J361: =RIGHT(I361,2) | K361: =LEFT(I361,3) | L361: =RIGHT(I361,3) | M361: {=IF(AND(J361=INDIRECT("'["&G361&"]"&E361&"'!"&$Y$2),G361=INDIRECT("'["&G361&"]"&E361&"'!"&$AH$2)),INDIRECT("'["&G361&"]"&E361&"'!"&$Y$3),0)} -> #VALUE! | N361: {=IF(AND(G361=INDIRECT("'["&G361&"]"&E361&"'!"&$AH$2),OR(K361=INDIRECT("'["&G361&"]"&E361&"'!"&$Z$2))),INDIRECT("'["&G361&"]"&E361&"'!"&$Z$3),0)} -> #VALUE! | O361: {=IF(AND(G361=INDIRECT("'["&G361&"]"&E361&"'!"&$AH$2),OR(L361=INDIRECT("'["&G361&"]"&E361&"'!"&$AA$2))),INDIRECT("'["&G361&"]"&E361&"'!"&$AA$3),0)} -> #VALUE! | P361: {=IF(AND(G361=INDIRECT("'["&G361&"]"&E361&"'!"&$AH$2),OR(VALUE(I361)=INDIRECT("'["&G361&"]"&E361&"'!"&$AB$2))),INDIRECT("'["&G361&"]"&E361&"'!"&$AB$3),0)} -> #VALUE! | Q361: {=IF(AND(G361=INDIRECT("'["&G361&"]"&E361&"'!"&$AH$2),OR(VALUE(I361)=INDIRECT("'["&G361&"]"&E361&"'!"&$AC$2))),INDIRECT("'["&G361&"]"&E361&"'!"&$AC$3),0)} -> #VALUE! | R361: {=IF(AND(G361=INDIRECT("'["&G361&"]"&E361&"'!"&$AH$2),OR(I361=INDIRECT("'["&G361&"]"&E361&"'!"&$AD$2))),INDIRECT("'["&G361&"]"&E361&"'!"&$AD$3),0)} -> #VALUE! | S361: {=IF(AND(G361=INDIRECT("'["&G361&"]"&E361&"'!"&$AH$2),OR(I361=INDIRECT("'["&G361&"]"&E361&"'!"&$AE$2))),INDIRECT("'["&G361&"]"&E361&"'!"&$AE$3),0)} -> #VALUE! | T361: {=IF(AND(G361=INDIRECT("'["&G361&"]"&E361&"'!"&$AH$2),OR(I361=INDIRECT("'["&G361&"]"&E361&"'!"&$AF$2))),INDIRECT("'["&G361&"]"&E361&"'!"&$AF$3),0)} -> #VALUE! | U361: {=IF(AND(G361=INDIRECT("'["&G361&"]"&E361&"'!"&$AH$2),OR(I361=INDIRECT("'["&G361&"]"&E361&"'!"&$AG$2))),INDIRECT("'["&G361&"]"&E361&"'!"&$AG$3),0)} -> #VALUE! | V361: =MID(B361,7,9) | W361: {=IF(AND(G361=INDIRECT("'["&G361&"]"&E361&"'!"&$AH$2),OR(V361=INDIRECT("'["&G361&"]"&E361&"'!"&$AI$2))),INDIRECT("'["&G361&"]"&E361&"'!"&$AI$3),0)} -> #VALUE! | AI361: 33.32 | AJ361: 1 | AK361: =(C361*AJ361%) -> 0 | AL361: =C361-AK361 -> 0 | AM361: =IF(A361<>"",IF(AM361="",NOW(),AM361),"") | AN361: =IF(VALUE(N361),"/","") -> #VALUE! | AO361: =IF(VALUE(O361),"/","") -> #VALUE! | AP361: =IF(ISTEXT(W361),"อายัด","") | AQ361: =IF(AND(C361<>0, C362=0), SUM($C$2:C361)-SUM($AQ$1:AQ360), "") | AR361: =IF(AND(AK361<>0, AK362=0), SUM($AK$2:AK361)-SUM($AR$1:AR360), "")
B362: =LEFT(A362,15) | C362: {=SUM(IF(ISNUMBER(M362:U362),M362:U362,""))} -> 0 | D362: =MID(A362,4,2) | E362: =IF(ISEVEN(D362),D362-1,VALUE(D362)) -> #VALUE! | F362: =LEFT(A362,2) | G362: =CONCATENATE(F362,".xlsx") -> .xlsx | H362: {=IF(AND(VALUE(E362)=INDIRECT("'["&G362&"]"&E362&"'!"&$X$2),G362=INDIRECT("'["&G362&"]"&E362&"'!"&$X$3)),INDIRECT("'["&G362&"]"&E362&"'!"&$X$1),0)} -> #VALUE! | I362: =MID(A362,10,6) | J362: =RIGHT(I362,2) | K362: =LEFT(I362,3) | L362: =RIGHT(I362,3) | M362: {=IF(AND(J362=INDIRECT("'["&G362&"]"&E362&"'!"&$Y$2),G362=INDIRECT("'["&G362&"]"&E362&"'!"&$AH$2)),INDIRECT("'["&G362&"]"&E362&"'!"&$Y$3),0)} -> #VALUE! | N362: {=IF(AND(G362=INDIRECT("'["&G362&"]"&E362&"'!"&$AH$2),OR(K362=INDIRECT("'["&G362&"]"&E362&"'!"&$Z$2))),INDIRECT("'["&G362&"]"&E362&"'!"&$Z$3),0)} -> #VALUE! | O362: {=IF(AND(G362=INDIRECT("'["&G362&"]"&E362&"'!"&$AH$2),OR(L362=INDIRECT("'["&G362&"]"&E362&"'!"&$AA$2))),INDIRECT("'["&G362&"]"&E362&"'!"&$AA$3),0)} -> #VALUE! | P362: {=IF(AND(G362=INDIRECT("'["&G362&"]"&E362&"'!"&$AH$2),OR(VALUE(I362)=INDIRECT("'["&G362&"]"&E362&"'!"&$AB$2))),INDIRECT("'["&G362&"]"&E362&"'!"&$AB$3),0)} -> #VALUE! | Q362: {=IF(AND(G362=INDIRECT("'["&G362&"]"&E362&"'!"&$AH$2),OR(VALUE(I362)=INDIRECT("'["&G362&"]"&E362&"'!"&$AC$2))),INDIRECT("'["&G362&"]"&E362&"'!"&$AC$3),0)} -> #VALUE! | R362: {=IF(AND(G362=INDIRECT("'["&G362&"]"&E362&"'!"&$AH$2),OR(I362=INDIRECT("'["&G362&"]"&E362&"'!"&$AD$2))),INDIRECT("'["&G362&"]"&E362&"'!"&$AD$3),0)} -> #VALUE! | S362: {=IF(AND(G362=INDIRECT("'["&G362&"]"&E362&"'!"&$AH$2),OR(I362=INDIRECT("'["&G362&"]"&E362&"'!"&$AE$2))),INDIRECT("'["&G362&"]"&E362&"'!"&$AE$3),0)} -> #VALUE! | T362: {=IF(AND(G362=INDIRECT("'["&G362&"]"&E362&"'!"&$AH$2),OR(I362=INDIRECT("'["&G362&"]"&E362&"'!"&$AF$2))),INDIRECT("'["&G362&"]"&E362&"'!"&$AF$3),0)} -> #VALUE! | U362: {=IF(AND(G362=INDIRECT("'["&G362&"]"&E362&"'!"&$AH$2),OR(I362=INDIRECT("'["&G362&"]"&E362&"'!"&$AG$2))),INDIRECT("'["&G362&"]"&E362&"'!"&$AG$3),0)} -> #VALUE! | V362: =MID(B362,7,9) | W362: {=IF(AND(G362=INDIRECT("'["&G362&"]"&E362&"'!"&$AH$2),OR(V362=INDIRECT("'["&G362&"]"&E362&"'!"&$AI$2))),INDIRECT("'["&G362&"]"&E362&"'!"&$AI$3),0)} -> #VALUE! | AI362: 33.09 | AJ362: 1 | AK362: =(C362*AJ362%) -> 0 | AL362: =C362-AK362 -> 0 | AM362: =IF(A362<>"",IF(AM362="",NOW(),AM362),"") | AN362: =IF(VALUE(N362),"/","") -> #VALUE! | AO362: =IF(VALUE(O362),"/","") -> #VALUE! | AP362: =IF(ISTEXT(W362),"อายัด","") | AQ362: =IF(AND(C362<>0, C363=0), SUM($C$2:C362)-SUM($AQ$1:AQ361), "") | AR362: =IF(AND(AK362<>0, AK363=0), SUM($AK$2:AK362)-SUM($AR$1:AR361), "")
B363: =LEFT(A363,15) | C363: {=SUM(IF(ISNUMBER(M363:U363),M363:U363,""))} -> 0 | D363: =MID(A363,4,2) | E363: =IF(ISEVEN(D363),D363-1,VALUE(D363)) -> #VALUE! | F363: =LEFT(A363,2) | G363: =CONCATENATE(F363,".xlsx") -> .xlsx | H363: {=IF(AND(VALUE(E363)=INDIRECT("'["&G363&"]"&E363&"'!"&$X$2),G363=INDIRECT("'["&G363&"]"&E363&"'!"&$X$3)),INDIRECT("'["&G363&"]"&E363&"'!"&$X$1),0)} -> #VALUE! | I363: =MID(A363,10,6) | J363: =RIGHT(I363,2) | K363: =LEFT(I363,3) | L363: =RIGHT(I363,3) | M363: {=IF(AND(J363=INDIRECT("'["&G363&"]"&E363&"'!"&$Y$2),G363=INDIRECT("'["&G363&"]"&E363&"'!"&$AH$2)),INDIRECT("'["&G363&"]"&E363&"'!"&$Y$3),0)} -> #VALUE! | N363: {=IF(AND(G363=INDIRECT("'["&G363&"]"&E363&"'!"&$AH$2),OR(K363=INDIRECT("'["&G363&"]"&E363&"'!"&$Z$2))),INDIRECT("'["&G363&"]"&E363&"'!"&$Z$3),0)} -> #VALUE! | O363: {=IF(AND(G363=INDIRECT("'["&G363&"]"&E363&"'!"&$AH$2),OR(L363=INDIRECT("'["&G363&"]"&E363&"'!"&$AA$2))),INDIRECT("'["&G363&"]"&E363&"'!"&$AA$3),0)} -> #VALUE! | P363: {=IF(AND(G363=INDIRECT("'["&G363&"]"&E363&"'!"&$AH$2),OR(VALUE(I363)=INDIRECT("'["&G363&"]"&E363&"'!"&$AB$2))),INDIRECT("'["&G363&"]"&E363&"'!"&$AB$3),0)} -> #VALUE! | Q363: {=IF(AND(G363=INDIRECT("'["&G363&"]"&E363&"'!"&$AH$2),OR(VALUE(I363)=INDIRECT("'["&G363&"]"&E363&"'!"&$AC$2))),INDIRECT("'["&G363&"]"&E363&"'!"&$AC$3),0)} -> #VALUE! | R363: {=IF(AND(G363=INDIRECT("'["&G363&"]"&E363&"'!"&$AH$2),OR(I363=INDIRECT("'["&G363&"]"&E363&"'!"&$AD$2))),INDIRECT("'["&G363&"]"&E363&"'!"&$AD$3),0)} -> #VALUE! | S363: {=IF(AND(G363=INDIRECT("'["&G363&"]"&E363&"'!"&$AH$2),OR(I363=INDIRECT("'["&G363&"]"&E363&"'!"&$AE$2))),INDIRECT("'["&G363&"]"&E363&"'!"&$AE$3),0)} -> #VALUE! | T363: {=IF(AND(G363=INDIRECT("'["&G363&"]"&E363&"'!"&$AH$2),OR(I363=INDIRECT("'["&G363&"]"&E363&"'!"&$AF$2))),INDIRECT("'["&G363&"]"&E363&"'!"&$AF$3),0)} -> #VALUE! | U363: {=IF(AND(G363=INDIRECT("'["&G363&"]"&E363&"'!"&$AH$2),OR(I363=INDIRECT("'["&G363&"]"&E363&"'!"&$AG$2))),INDIRECT("'["&G363&"]"&E363&"'!"&$AG$3),0)} -> #VALUE! | V363: =MID(B363,7,9) | W363: {=IF(AND(G363=INDIRECT("'["&G363&"]"&E363&"'!"&$AH$2),OR(V363=INDIRECT("'["&G363&"]"&E363&"'!"&$AI$2))),INDIRECT("'["&G363&"]"&E363&"'!"&$AI$3),0)} -> #VALUE! | AI363: 33.09 | AJ363: 1 | AK363: =(C363*AJ363%) -> 0 | AL363: =C363-AK363 -> 0 | AM363: =IF(A363<>"",IF(AM363="",NOW(),AM363),"") | AN363: =IF(VALUE(N363),"/","") -> #VALUE! | AO363: =IF(VALUE(O363),"/","") -> #VALUE! | AP363: =IF(ISTEXT(W363),"อายัด","") | AQ363: =IF(AND(C363<>0, C364=0), SUM($C$2:C363)-SUM($AQ$1:AQ362), "") | AR363: =IF(AND(AK363<>0, AK364=0), SUM($AK$2:AK363)-SUM($AR$1:AR362), "")
B364: =LEFT(A364,15) | C364: {=SUM(IF(ISNUMBER(M364:U364),M364:U364,""))} -> 0 | D364: =MID(A364,4,2) | E364: =IF(ISEVEN(D364),D364-1,VALUE(D364)) -> #VALUE! | F364: =LEFT(A364,2) | G364: =CONCATENATE(F364,".xlsx") -> .xlsx | H364: {=IF(AND(VALUE(E364)=INDIRECT("'["&G364&"]"&E364&"'!"&$X$2),G364=INDIRECT("'["&G364&"]"&E364&"'!"&$X$3)),INDIRECT("'["&G364&"]"&E364&"'!"&$X$1),0)} -> #VALUE! | I364: =MID(A364,10,6) | J364: =RIGHT(I364,2) | K364: =LEFT(I364,3) | L364: =RIGHT(I364,3) | M364: {=IF(AND(J364=INDIRECT("'["&G364&"]"&E364&"'!"&$Y$2),G364=INDIRECT("'["&G364&"]"&E364&"'!"&$AH$2)),INDIRECT("'["&G364&"]"&E364&"'!"&$Y$3),0)} -> #VALUE! | N364: {=IF(AND(G364=INDIRECT("'["&G364&"]"&E364&"'!"&$AH$2),OR(K364=INDIRECT("'["&G364&"]"&E364&"'!"&$Z$2))),INDIRECT("'["&G364&"]"&E364&"'!"&$Z$3),0)} -> #VALUE! | O364: {=IF(AND(G364=INDIRECT("'["&G364&"]"&E364&"'!"&$AH$2),OR(L364=INDIRECT("'["&G364&"]"&E364&"'!"&$AA$2))),INDIRECT("'["&G364&"]"&E364&"'!"&$AA$3),0)} -> #VALUE! | P364: {=IF(AND(G364=INDIRECT("'["&G364&"]"&E364&"'!"&$AH$2),OR(VALUE(I364)=INDIRECT("'["&G364&"]"&E364&"'!"&$AB$2))),INDIRECT("'["&G364&"]"&E364&"'!"&$AB$3),0)} -> #VALUE! | Q364: {=IF(AND(G364=INDIRECT("'["&G364&"]"&E364&"'!"&$AH$2),OR(VALUE(I364)=INDIRECT("'["&G364&"]"&E364&"'!"&$AC$2))),INDIRECT("'["&G364&"]"&E364&"'!"&$AC$3),0)} -> #VALUE! | R364: {=IF(AND(G364=INDIRECT("'["&G364&"]"&E364&"'!"&$AH$2),OR(I364=INDIRECT("'["&G364&"]"&E364&"'!"&$AD$2))),INDIRECT("'["&G364&"]"&E364&"'!"&$AD$3),0)} -> #VALUE! | S364: {=IF(AND(G364=INDIRECT("'["&G364&"]"&E364&"'!"&$AH$2),OR(I364=INDIRECT("'["&G364&"]"&E364&"'!"&$AE$2))),INDIRECT("'["&G364&"]"&E364&"'!"&$AE$3),0)} -> #VALUE! | T364: {=IF(AND(G364=INDIRECT("'["&G364&"]"&E364&"'!"&$AH$2),OR(I364=INDIRECT("'["&G364&"]"&E364&"'!"&$AF$2))),INDIRECT("'["&G364&"]"&E364&"'!"&$AF$3),0)} -> #VALUE! | U364: {=IF(AND(G364=INDIRECT("'["&G364&"]"&E364&"'!"&$AH$2),OR(I364=INDIRECT("'["&G364&"]"&E364&"'!"&$AG$2))),INDIRECT("'["&G364&"]"&E364&"'!"&$AG$3),0)} -> #VALUE! | V364: =MID(B364,7,9) | W364: {=IF(AND(G364=INDIRECT("'["&G364&"]"&E364&"'!"&$AH$2),OR(V364=INDIRECT("'["&G364&"]"&E364&"'!"&$AI$2))),INDIRECT("'["&G364&"]"&E364&"'!"&$AI$3),0)} -> #VALUE! | AI364: 33.15 | AJ364: 1 | AK364: =(C364*AJ364%) -> 0 | AL364: =C364-AK364 -> 0 | AM364: =IF(A364<>"",IF(AM364="",NOW(),AM364),"") | AN364: =IF(VALUE(N364),"/","") -> #VALUE! | AO364: =IF(VALUE(O364),"/","") -> #VALUE! | AP364: =IF(ISTEXT(W364),"อายัด","") | AQ364: =IF(AND(C364<>0, C365=0), SUM($C$2:C364)-SUM($AQ$1:AQ363), "") | AR364: =IF(AND(AK364<>0, AK365=0), SUM($AK$2:AK364)-SUM($AR$1:AR363), "")
B365: =LEFT(A365,15) | C365: {=SUM(IF(ISNUMBER(M365:U365),M365:U365,""))} -> 0 | D365: =MID(A365,4,2) | E365: =IF(ISEVEN(D365),D365-1,VALUE(D365)) -> #VALUE! | F365: =LEFT(A365,2) | G365: =CONCATENATE(F365,".xlsx") -> .xlsx | H365: {=IF(AND(VALUE(E365)=INDIRECT("'["&G365&"]"&E365&"'!"&$X$2),G365=INDIRECT("'["&G365&"]"&E365&"'!"&$X$3)),INDIRECT("'["&G365&"]"&E365&"'!"&$X$1),0)} -> #VALUE! | I365: =MID(A365,10,6) | J365: =RIGHT(I365,2) | K365: =LEFT(I365,3) | L365: =RIGHT(I365,3) | M365: {=IF(AND(J365=INDIRECT("'["&G365&"]"&E365&"'!"&$Y$2),G365=INDIRECT("'["&G365&"]"&E365&"'!"&$AH$2)),INDIRECT("'["&G365&"]"&E365&"'!"&$Y$3),0)} -> #VALUE! | N365: {=IF(AND(G365=INDIRECT("'["&G365&"]"&E365&"'!"&$AH$2),OR(K365=INDIRECT("'["&G365&"]"&E365&"'!"&$Z$2))),INDIRECT("'["&G365&"]"&E365&"'!"&$Z$3),0)} -> #VALUE! | O365: {=IF(AND(G365=INDIRECT("'["&G365&"]"&E365&"'!"&$AH$2),OR(L365=INDIRECT("'["&G365&"]"&E365&"'!"&$AA$2))),INDIRECT("'["&G365&"]"&E365&"'!"&$AA$3),0)} -> #VALUE! | P365: {=IF(AND(G365=INDIRECT("'["&G365&"]"&E365&"'!"&$AH$2),OR(VALUE(I365)=INDIRECT("'["&G365&"]"&E365&"'!"&$AB$2))),INDIRECT("'["&G365&"]"&E365&"'!"&$AB$3),0)} -> #VALUE! | Q365: {=IF(AND(G365=INDIRECT("'["&G365&"]"&E365&"'!"&$AH$2),OR(VALUE(I365)=INDIRECT("'["&G365&"]"&E365&"'!"&$AC$2))),INDIRECT("'["&G365&"]"&E365&"'!"&$AC$3),0)} -> #VALUE! | R365: {=IF(AND(G365=INDIRECT("'["&G365&"]"&E365&"'!"&$AH$2),OR(I365=INDIRECT("'["&G365&"]"&E365&"'!"&$AD$2))),INDIRECT("'["&G365&"]"&E365&"'!"&$AD$3),0)} -> #VALUE! | S365: {=IF(AND(G365=INDIRECT("'["&G365&"]"&E365&"'!"&$AH$2),OR(I365=INDIRECT("'["&G365&"]"&E365&"'!"&$AE$2))),INDIRECT("'["&G365&"]"&E365&"'!"&$AE$3),0)} -> #VALUE! | T365: {=IF(AND(G365=INDIRECT("'["&G365&"]"&E365&"'!"&$AH$2),OR(I365=INDIRECT("'["&G365&"]"&E365&"'!"&$AF$2))),INDIRECT("'["&G365&"]"&E365&"'!"&$AF$3),0)} -> #VALUE! | U365: {=IF(AND(G365=INDIRECT("'["&G365&"]"&E365&"'!"&$AH$2),OR(I365=INDIRECT("'["&G365&"]"&E365&"'!"&$AG$2))),INDIRECT("'["&G365&"]"&E365&"'!"&$AG$3),0)} -> #VALUE! | V365: =MID(B365,7,9) | W365: {=IF(AND(G365=INDIRECT("'["&G365&"]"&E365&"'!"&$AH$2),OR(V365=INDIRECT("'["&G365&"]"&E365&"'!"&$AI$2))),INDIRECT("'["&G365&"]"&E365&"'!"&$AI$3),0)} -> #VALUE! | AI365: 33.16 | AJ365: 1 | AK365: =(C365*AJ365%) -> 0 | AL365: =C365-AK365 -> 0 | AM365: =IF(A365<>"",IF(AM365="",NOW(),AM365),"") | AN365: =IF(VALUE(N365),"/","") -> #VALUE! | AO365: =IF(VALUE(O365),"/","") -> #VALUE! | AP365: =IF(ISTEXT(W365),"อายัด","") | AQ365: =IF(AND(C365<>0, C366=0), SUM($C$2:C365)-SUM($AQ$1:AQ364), "") | AR365: =IF(AND(AK365<>0, AK366=0), SUM($AK$2:AK365)-SUM($AR$1:AR364), "")
B366: =LEFT(A366,15) | C366: {=SUM(IF(ISNUMBER(M366:U366),M366:U366,""))} -> 0 | D366: =MID(A366,4,2) | E366: =IF(ISEVEN(D366),D366-1,VALUE(D366)) -> #VALUE! | F366: =LEFT(A366,2) | G366: =CONCATENATE(F366,".xlsx") -> .xlsx | H366: {=IF(AND(VALUE(E366)=INDIRECT("'["&G366&"]"&E366&"'!"&$X$2),G366=INDIRECT("'["&G366&"]"&E366&"'!"&$X$3)),INDIRECT("'["&G366&"]"&E366&"'!"&$X$1),0)} -> #VALUE! | I366: =MID(A366,10,6) | J366: =RIGHT(I366,2) | K366: =LEFT(I366,3) | L366: =RIGHT(I366,3) | M366: {=IF(AND(J366=INDIRECT("'["&G366&"]"&E366&"'!"&$Y$2),G366=INDIRECT("'["&G366&"]"&E366&"'!"&$AH$2)),INDIRECT("'["&G366&"]"&E366&"'!"&$Y$3),0)} -> #VALUE! | N366: {=IF(AND(G366=INDIRECT("'["&G366&"]"&E366&"'!"&$AH$2),OR(K366=INDIRECT("'["&G366&"]"&E366&"'!"&$Z$2))),INDIRECT("'["&G366&"]"&E366&"'!"&$Z$3),0)} -> #VALUE! | O366: {=IF(AND(G366=INDIRECT("'["&G366&"]"&E366&"'!"&$AH$2),OR(L366=INDIRECT("'["&G366&"]"&E366&"'!"&$AA$2))),INDIRECT("'["&G366&"]"&E366&"'!"&$AA$3),0)} -> #VALUE! | P366: {=IF(AND(G366=INDIRECT("'["&G366&"]"&E366&"'!"&$AH$2),OR(VALUE(I366)=INDIRECT("'["&G366&"]"&E366&"'!"&$AB$2))),INDIRECT("'["&G366&"]"&E366&"'!"&$AB$3),0)} -> #VALUE! | Q366: {=IF(AND(G366=INDIRECT("'["&G366&"]"&E366&"'!"&$AH$2),OR(VALUE(I366)=INDIRECT("'["&G366&"]"&E366&"'!"&$AC$2))),INDIRECT("'["&G366&"]"&E366&"'!"&$AC$3),0)} -> #VALUE! | R366: {=IF(AND(G366=INDIRECT("'["&G366&"]"&E366&"'!"&$AH$2),OR(I366=INDIRECT("'["&G366&"]"&E366&"'!"&$AD$2))),INDIRECT("'["&G366&"]"&E366&"'!"&$AD$3),0)} -> #VALUE! | S366: {=IF(AND(G366=INDIRECT("'["&G366&"]"&E366&"'!"&$AH$2),OR(I366=INDIRECT("'["&G366&"]"&E366&"'!"&$AE$2))),INDIRECT("'["&G366&"]"&E366&"'!"&$AE$3),0)} -> #VALUE! | T366: {=IF(AND(G366=INDIRECT("'["&G366&"]"&E366&"'!"&$AH$2),OR(I366=INDIRECT("'["&G366&"]"&E366&"'!"&$AF$2))),INDIRECT("'["&G366&"]"&E366&"'!"&$AF$3),0)} -> #VALUE! | U366: {=IF(AND(G366=INDIRECT("'["&G366&"]"&E366&"'!"&$AH$2),OR(I366=INDIRECT("'["&G366&"]"&E366&"'!"&$AG$2))),INDIRECT("'["&G366&"]"&E366&"'!"&$AG$3),0)} -> #VALUE! | V366: =MID(B366,7,9) | W366: {=IF(AND(G366=INDIRECT("'["&G366&"]"&E366&"'!"&$AH$2),OR(V366=INDIRECT("'["&G366&"]"&E366&"'!"&$AI$2))),INDIRECT("'["&G366&"]"&E366&"'!"&$AI$3),0)} -> #VALUE! | AJ366: 1 | AK366: =(C366*AJ366%) -> 0 | AL366: =C366-AK366 -> 0 | AM366: =IF(A366<>"",IF(AM366="",NOW(),AM366),"") | AN366: =IF(VALUE(N366),"/","") -> #VALUE! | AO366: =IF(VALUE(O366),"/","") -> #VALUE! | AP366: =IF(ISTEXT(W366),"อายัด","") | AQ366: =IF(AND(C366<>0, C367=0), SUM($C$2:C366)-SUM($AQ$1:AQ365), "") | AR366: =IF(AND(AK366<>0, AK367=0), SUM($AK$2:AK366)-SUM($AR$1:AR365), "")
B367: =LEFT(A367,15) | C367: {=SUM(IF(ISNUMBER(M367:U367),M367:U367,""))} -> 0 | D367: =MID(A367,4,2) | E367: =IF(ISEVEN(D367),D367-1,VALUE(D367)) -> #VALUE! | F367: =LEFT(A367,2) | G367: =CONCATENATE(F367,".xlsx") -> .xlsx | H367: {=IF(AND(VALUE(E367)=INDIRECT("'["&G367&"]"&E367&"'!"&$X$2),G367=INDIRECT("'["&G367&"]"&E367&"'!"&$X$3)),INDIRECT("'["&G367&"]"&E367&"'!"&$X$1),0)} -> #VALUE! | I367: =MID(A367,10,6) | J367: =RIGHT(I367,2) | K367: =LEFT(I367,3) | L367: =RIGHT(I367,3) | M367: {=IF(AND(J367=INDIRECT("'["&G367&"]"&E367&"'!"&$Y$2),G367=INDIRECT("'["&G367&"]"&E367&"'!"&$AH$2)),INDIRECT("'["&G367&"]"&E367&"'!"&$Y$3),0)} -> #VALUE! | N367: {=IF(AND(G367=INDIRECT("'["&G367&"]"&E367&"'!"&$AH$2),OR(K367=INDIRECT("'["&G367&"]"&E367&"'!"&$Z$2))),INDIRECT("'["&G367&"]"&E367&"'!"&$Z$3),0)} -> #VALUE! | O367: {=IF(AND(G367=INDIRECT("'["&G367&"]"&E367&"'!"&$AH$2),OR(L367=INDIRECT("'["&G367&"]"&E367&"'!"&$AA$2))),INDIRECT("'["&G367&"]"&E367&"'!"&$AA$3),0)} -> #VALUE! | P367: {=IF(AND(G367=INDIRECT("'["&G367&"]"&E367&"'!"&$AH$2),OR(VALUE(I367)=INDIRECT("'["&G367&"]"&E367&"'!"&$AB$2))),INDIRECT("'["&G367&"]"&E367&"'!"&$AB$3),0)} -> #VALUE! | Q367: {=IF(AND(G367=INDIRECT("'["&G367&"]"&E367&"'!"&$AH$2),OR(VALUE(I367)=INDIRECT("'["&G367&"]"&E367&"'!"&$AC$2))),INDIRECT("'["&G367&"]"&E367&"'!"&$AC$3),0)} -> #VALUE! | R367: {=IF(AND(G367=INDIRECT("'["&G367&"]"&E367&"'!"&$AH$2),OR(I367=INDIRECT("'["&G367&"]"&E367&"'!"&$AD$2))),INDIRECT("'["&G367&"]"&E367&"'!"&$AD$3),0)} -> #VALUE! | S367: {=IF(AND(G367=INDIRECT("'["&G367&"]"&E367&"'!"&$AH$2),OR(I367=INDIRECT("'["&G367&"]"&E367&"'!"&$AE$2))),INDIRECT("'["&G367&"]"&E367&"'!"&$AE$3),0)} -> #VALUE! | T367: {=IF(AND(G367=INDIRECT("'["&G367&"]"&E367&"'!"&$AH$2),OR(I367=INDIRECT("'["&G367&"]"&E367&"'!"&$AF$2))),INDIRECT("'["&G367&"]"&E367&"'!"&$AF$3),0)} -> #VALUE! | U367: {=IF(AND(G367=INDIRECT("'["&G367&"]"&E367&"'!"&$AH$2),OR(I367=INDIRECT("'["&G367&"]"&E367&"'!"&$AG$2))),INDIRECT("'["&G367&"]"&E367&"'!"&$AG$3),0)} -> #VALUE! | V367: =MID(B367,7,9) | W367: {=IF(AND(G367=INDIRECT("'["&G367&"]"&E367&"'!"&$AH$2),OR(V367=INDIRECT("'["&G367&"]"&E367&"'!"&$AI$2))),INDIRECT("'["&G367&"]"&E367&"'!"&$AI$3),0)} -> #VALUE! | AI367: =AQ367/AP367 -> #VALUE! | AJ367: 1 | AK367: =(C367*AJ367%) -> 0 | AL367: =C367-AK367 -> 0 | AM367: =IF(A367<>"",IF(AM367="",NOW(),AM367),"") | AN367: =IF(VALUE(N367),"/","") -> #VALUE! | AO367: =IF(VALUE(O367),"/","") -> #VALUE! | AP367: =IF(ISTEXT(W367),"อายัด","") | AQ367: =IF(AND(C367<>0, C368=0), SUM($C$2:C367)-SUM($AQ$1:AQ366), "") | AR367: =IF(AND(AK367<>0, AK368=0), SUM($AK$2:AK367)-SUM($AR$1:AR366), "")
B368: =LEFT(A368,15) | C368: {=SUM(IF(ISNUMBER(M368:U368),M368:U368,""))} -> 0 | D368: =MID(A368,4,2) | E368: =IF(ISEVEN(D368),D368-1,VALUE(D368)) -> #VALUE! | F368: =LEFT(A368,2) | G368: =CONCATENATE(F368,".xlsx") -> .xlsx | H368: {=IF(AND(VALUE(E368)=INDIRECT("'["&G368&"]"&E368&"'!"&$X$2),G368=INDIRECT("'["&G368&"]"&E368&"'!"&$X$3)),INDIRECT("'["&G368&"]"&E368&"'!"&$X$1),0)} -> #VALUE! | I368: =MID(A368,10,6) | J368: =RIGHT(I368,2) | K368: =LEFT(I368,3) | L368: =RIGHT(I368,3) | M368: {=IF(AND(J368=INDIRECT("'["&G368&"]"&E368&"'!"&$Y$2),G368=INDIRECT("'["&G368&"]"&E368&"'!"&$AH$2)),INDIRECT("'["&G368&"]"&E368&"'!"&$Y$3),0)} -> #VALUE! | N368: {=IF(AND(G368=INDIRECT("'["&G368&"]"&E368&"'!"&$AH$2),OR(K368=INDIRECT("'["&G368&"]"&E368&"'!"&$Z$2))),INDIRECT("'["&G368&"]"&E368&"'!"&$Z$3),0)} -> #VALUE! | O368: {=IF(AND(G368=INDIRECT("'["&G368&"]"&E368&"'!"&$AH$2),OR(L368=INDIRECT("'["&G368&"]"&E368&"'!"&$AA$2))),INDIRECT("'["&G368&"]"&E368&"'!"&$AA$3),0)} -> #VALUE! | P368: {=IF(AND(G368=INDIRECT("'["&G368&"]"&E368&"'!"&$AH$2),OR(VALUE(I368)=INDIRECT("'["&G368&"]"&E368&"'!"&$AB$2))),INDIRECT("'["&G368&"]"&E368&"'!"&$AB$3),0)} -> #VALUE! | Q368: {=IF(AND(G368=INDIRECT("'["&G368&"]"&E368&"'!"&$AH$2),OR(VALUE(I368)=INDIRECT("'["&G368&"]"&E368&"'!"&$AC$2))),INDIRECT("'["&G368&"]"&E368&"'!"&$AC$3),0)} -> #VALUE! | R368: {=IF(AND(G368=INDIRECT("'["&G368&"]"&E368&"'!"&$AH$2),OR(I368=INDIRECT("'["&G368&"]"&E368&"'!"&$AD$2))),INDIRECT("'["&G368&"]"&E368&"'!"&$AD$3),0)} -> #VALUE! | S368: {=IF(AND(G368=INDIRECT("'["&G368&"]"&E368&"'!"&$AH$2),OR(I368=INDIRECT("'["&G368&"]"&E368&"'!"&$AE$2))),INDIRECT("'["&G368&"]"&E368&"'!"&$AE$3),0)} -> #VALUE! | T368: {=IF(AND(G368=INDIRECT("'["&G368&"]"&E368&"'!"&$AH$2),OR(I368=INDIRECT("'["&G368&"]"&E368&"'!"&$AF$2))),INDIRECT("'["&G368&"]"&E368&"'!"&$AF$3),0)} -> #VALUE! | U368: {=IF(AND(G368=INDIRECT("'["&G368&"]"&E368&"'!"&$AH$2),OR(I368=INDIRECT("'["&G368&"]"&E368&"'!"&$AG$2))),INDIRECT("'["&G368&"]"&E368&"'!"&$AG$3),0)} -> #VALUE! | V368: =MID(B368,7,9) | W368: {=IF(AND(G368=INDIRECT("'["&G368&"]"&E368&"'!"&$AH$2),OR(V368=INDIRECT("'["&G368&"]"&E368&"'!"&$AI$2))),INDIRECT("'["&G368&"]"&E368&"'!"&$AI$3),0)} -> #VALUE! | AJ368: 1 | AK368: =(C368*AJ368%) -> 0 | AL368: =C368-AK368 -> 0 | AM368: =IF(A368<>"",IF(AM368="",NOW(),AM368),"") | AN368: =IF(VALUE(N368),"/","") -> #VALUE! | AO368: =IF(VALUE(O368),"/","") -> #VALUE! | AP368: =IF(ISTEXT(W368),"อายัด","") | AQ368: =IF(AND(C368<>0, C369=0), SUM($C$2:C368)-SUM($AQ$1:AQ367), "") | AR368: =IF(AND(AK368<>0, AK369=0), SUM($AK$2:AK368)-SUM($AR$1:AR367), "")
B369: =LEFT(A369,15) | C369: {=SUM(IF(ISNUMBER(M369:U369),M369:U369,""))} -> 0 | D369: =MID(A369,4,2) | E369: =IF(ISEVEN(D369),D369-1,VALUE(D369)) -> #VALUE! | F369: =LEFT(A369,2) | G369: =CONCATENATE(F369,".xlsx") -> .xlsx | H369: {=IF(AND(VALUE(E369)=INDIRECT("'["&G369&"]"&E369&"'!"&$X$2),G369=INDIRECT("'["&G369&"]"&E369&"'!"&$X$3)),INDIRECT("'["&G369&"]"&E369&"'!"&$X$1),0)} -> #VALUE! | I369: =MID(A369,10,6) | J369: =RIGHT(I369,2) | K369: =LEFT(I369,3) | L369: =RIGHT(I369,3) | M369: {=IF(AND(J369=INDIRECT("'["&G369&"]"&E369&"'!"&$Y$2),G369=INDIRECT("'["&G369&"]"&E369&"'!"&$AH$2)),INDIRECT("'["&G369&"]"&E369&"'!"&$Y$3),0)} -> #VALUE! | N369: {=IF(AND(G369=INDIRECT("'["&G369&"]"&E369&"'!"&$AH$2),OR(K369=INDIRECT("'["&G369&"]"&E369&"'!"&$Z$2))),INDIRECT("'["&G369&"]"&E369&"'!"&$Z$3),0)} -> #VALUE! | O369: {=IF(AND(G369=INDIRECT("'["&G369&"]"&E369&"'!"&$AH$2),OR(L369=INDIRECT("'["&G369&"]"&E369&"'!"&$AA$2))),INDIRECT("'["&G369&"]"&E369&"'!"&$AA$3),0)} -> #VALUE! | P369: {=IF(AND(G369=INDIRECT("'["&G369&"]"&E369&"'!"&$AH$2),OR(VALUE(I369)=INDIRECT("'["&G369&"]"&E369&"'!"&$AB$2))),INDIRECT("'["&G369&"]"&E369&"'!"&$AB$3),0)} -> #VALUE! | Q369: {=IF(AND(G369=INDIRECT("'["&G369&"]"&E369&"'!"&$AH$2),OR(VALUE(I369)=INDIRECT("'["&G369&"]"&E369&"'!"&$AC$2))),INDIRECT("'["&G369&"]"&E369&"'!"&$AC$3),0)} -> #VALUE! | R369: {=IF(AND(G369=INDIRECT("'["&G369&"]"&E369&"'!"&$AH$2),OR(I369=INDIRECT("'["&G369&"]"&E369&"'!"&$AD$2))),INDIRECT("'["&G369&"]"&E369&"'!"&$AD$3),0)} -> #VALUE! | S369: {=IF(AND(G369=INDIRECT("'["&G369&"]"&E369&"'!"&$AH$2),OR(I369=INDIRECT("'["&G369&"]"&E369&"'!"&$AE$2))),INDIRECT("'["&G369&"]"&E369&"'!"&$AE$3),0)} -> #VALUE! | T369: {=IF(AND(G369=INDIRECT("'["&G369&"]"&E369&"'!"&$AH$2),OR(I369=INDIRECT("'["&G369&"]"&E369&"'!"&$AF$2))),INDIRECT("'["&G369&"]"&E369&"'!"&$AF$3),0)} -> #VALUE! | U369: {=IF(AND(G369=INDIRECT("'["&G369&"]"&E369&"'!"&$AH$2),OR(I369=INDIRECT("'["&G369&"]"&E369&"'!"&$AG$2))),INDIRECT("'["&G369&"]"&E369&"'!"&$AG$3),0)} -> #VALUE! | V369: =MID(B369,7,9) | W369: {=IF(AND(G369=INDIRECT("'["&G369&"]"&E369&"'!"&$AH$2),OR(V369=INDIRECT("'["&G369&"]"&E369&"'!"&$AI$2))),INDIRECT("'["&G369&"]"&E369&"'!"&$AI$3),0)} -> #VALUE! | AJ369: 1 | AK369: =(C369*AJ369%) -> 0 | AL369: =C369-AK369 -> 0 | AM369: =IF(A369<>"",IF(AM369="",NOW(),AM369),"") | AN369: =IF(VALUE(N369),"/","") -> #VALUE! | AO369: =IF(VALUE(O369),"/","") -> #VALUE! | AP369: =IF(ISTEXT(W369),"อายัด","") | AQ369: =IF(AND(C369<>0, C370=0), SUM($C$2:C369)-SUM($AQ$1:AQ368), "") | AR369: =IF(AND(AK369<>0, AK370=0), SUM($AK$2:AK369)-SUM($AR$1:AR368), "")
B370: =LEFT(A370,15) | C370: {=SUM(IF(ISNUMBER(M370:U370),M370:U370,""))} -> 0 | D370: =MID(A370,4,2) | E370: =IF(ISEVEN(D370),D370-1,VALUE(D370)) -> #VALUE! | F370: =LEFT(A370,2) | G370: =CONCATENATE(F370,".xlsx") -> .xlsx | H370: {=IF(AND(VALUE(E370)=INDIRECT("'["&G370&"]"&E370&"'!"&$X$2),G370=INDIRECT("'["&G370&"]"&E370&"'!"&$X$3)),INDIRECT("'["&G370&"]"&E370&"'!"&$X$1),0)} -> #VALUE! | I370: =MID(A370,10,6) | J370: =RIGHT(I370,2) | K370: =LEFT(I370,3) | L370: =RIGHT(I370,3) | M370: {=IF(AND(J370=INDIRECT("'["&G370&"]"&E370&"'!"&$Y$2),G370=INDIRECT("'["&G370&"]"&E370&"'!"&$AH$2)),INDIRECT("'["&G370&"]"&E370&"'!"&$Y$3),0)} -> #VALUE! | N370: {=IF(AND(G370=INDIRECT("'["&G370&"]"&E370&"'!"&$AH$2),OR(K370=INDIRECT("'["&G370&"]"&E370&"'!"&$Z$2))),INDIRECT("'["&G370&"]"&E370&"'!"&$Z$3),0)} -> #VALUE! | O370: {=IF(AND(G370=INDIRECT("'["&G370&"]"&E370&"'!"&$AH$2),OR(L370=INDIRECT("'["&G370&"]"&E370&"'!"&$AA$2))),INDIRECT("'["&G370&"]"&E370&"'!"&$AA$3),0)} -> #VALUE! | P370: {=IF(AND(G370=INDIRECT("'["&G370&"]"&E370&"'!"&$AH$2),OR(VALUE(I370)=INDIRECT("'["&G370&"]"&E370&"'!"&$AB$2))),INDIRECT("'["&G370&"]"&E370&"'!"&$AB$3),0)} -> #VALUE! | Q370: {=IF(AND(G370=INDIRECT("'["&G370&"]"&E370&"'!"&$AH$2),OR(VALUE(I370)=INDIRECT("'["&G370&"]"&E370&"'!"&$AC$2))),INDIRECT("'["&G370&"]"&E370&"'!"&$AC$3),0)} -> #VALUE! | R370: {=IF(AND(G370=INDIRECT("'["&G370&"]"&E370&"'!"&$AH$2),OR(I370=INDIRECT("'["&G370&"]"&E370&"'!"&$AD$2))),INDIRECT("'["&G370&"]"&E370&"'!"&$AD$3),0)} -> #VALUE! | S370: {=IF(AND(G370=INDIRECT("'["&G370&"]"&E370&"'!"&$AH$2),OR(I370=INDIRECT("'["&G370&"]"&E370&"'!"&$AE$2))),INDIRECT("'["&G370&"]"&E370&"'!"&$AE$3),0)} -> #VALUE! | T370: {=IF(AND(G370=INDIRECT("'["&G370&"]"&E370&"'!"&$AH$2),OR(I370=INDIRECT("'["&G370&"]"&E370&"'!"&$AF$2))),INDIRECT("'["&G370&"]"&E370&"'!"&$AF$3),0)} -> #VALUE! | U370: {=IF(AND(G370=INDIRECT("'["&G370&"]"&E370&"'!"&$AH$2),OR(I370=INDIRECT("'["&G370&"]"&E370&"'!"&$AG$2))),INDIRECT("'["&G370&"]"&E370&"'!"&$AG$3),0)} -> #VALUE! | V370: =MID(B370,7,9) | W370: {=IF(AND(G370=INDIRECT("'["&G370&"]"&E370&"'!"&$AH$2),OR(V370=INDIRECT("'["&G370&"]"&E370&"'!"&$AI$2))),INDIRECT("'["&G370&"]"&E370&"'!"&$AI$3),0)} -> #VALUE! | AJ370: 1 | AK370: =(C370*AJ370%) -> 0 | AL370: =C370-AK370 -> 0 | AM370: =IF(A370<>"",IF(AM370="",NOW(),AM370),"") | AN370: =IF(VALUE(N370),"/","") -> #VALUE! | AO370: =IF(VALUE(O370),"/","") -> #VALUE! | AP370: =IF(ISTEXT(W370),"อายัด","") | AQ370: =IF(AND(C370<>0, C371=0), SUM($C$2:C370)-SUM($AQ$1:AQ369), "") | AR370: =IF(AND(AK370<>0, AK371=0), SUM($AK$2:AK370)-SUM($AR$1:AR369), "")
B371: =LEFT(A371,15) | C371: {=SUM(IF(ISNUMBER(M371:U371),M371:U371,""))} -> 0 | D371: =MID(A371,4,2) | E371: =IF(ISEVEN(D371),D371-1,VALUE(D371)) -> #VALUE! | F371: =LEFT(A371,2) | G371: =CONCATENATE(F371,".xlsx") -> .xlsx | H371: {=IF(AND(VALUE(E371)=INDIRECT("'["&G371&"]"&E371&"'!"&$X$2),G371=INDIRECT("'["&G371&"]"&E371&"'!"&$X$3)),INDIRECT("'["&G371&"]"&E371&"'!"&$X$1),0)} -> #VALUE! | I371: =MID(A371,10,6) | J371: =RIGHT(I371,2) | K371: =LEFT(I371,3) | L371: =RIGHT(I371,3) | M371: {=IF(AND(J371=INDIRECT("'["&G371&"]"&E371&"'!"&$Y$2),G371=INDIRECT("'["&G371&"]"&E371&"'!"&$AH$2)),INDIRECT("'["&G371&"]"&E371&"'!"&$Y$3),0)} -> #VALUE! | N371: {=IF(AND(G371=INDIRECT("'["&G371&"]"&E371&"'!"&$AH$2),OR(K371=INDIRECT("'["&G371&"]"&E371&"'!"&$Z$2))),INDIRECT("'["&G371&"]"&E371&"'!"&$Z$3),0)} -> #VALUE! | O371: {=IF(AND(G371=INDIRECT("'["&G371&"]"&E371&"'!"&$AH$2),OR(L371=INDIRECT("'["&G371&"]"&E371&"'!"&$AA$2))),INDIRECT("'["&G371&"]"&E371&"'!"&$AA$3),0)} -> #VALUE! | P371: {=IF(AND(G371=INDIRECT("'["&G371&"]"&E371&"'!"&$AH$2),OR(VALUE(I371)=INDIRECT("'["&G371&"]"&E371&"'!"&$AB$2))),INDIRECT("'["&G371&"]"&E371&"'!"&$AB$3),0)} -> #VALUE! | Q371: {=IF(AND(G371=INDIRECT("'["&G371&"]"&E371&"'!"&$AH$2),OR(VALUE(I371)=INDIRECT("'["&G371&"]"&E371&"'!"&$AC$2))),INDIRECT("'["&G371&"]"&E371&"'!"&$AC$3),0)} -> #VALUE! | R371: {=IF(AND(G371=INDIRECT("'["&G371&"]"&E371&"'!"&$AH$2),OR(I371=INDIRECT("'["&G371&"]"&E371&"'!"&$AD$2))),INDIRECT("'["&G371&"]"&E371&"'!"&$AD$3),0)} -> #VALUE! | S371: {=IF(AND(G371=INDIRECT("'["&G371&"]"&E371&"'!"&$AH$2),OR(I371=INDIRECT("'["&G371&"]"&E371&"'!"&$AE$2))),INDIRECT("'["&G371&"]"&E371&"'!"&$AE$3),0)} -> #VALUE! | T371: {=IF(AND(G371=INDIRECT("'["&G371&"]"&E371&"'!"&$AH$2),OR(I371=INDIRECT("'["&G371&"]"&E371&"'!"&$AF$2))),INDIRECT("'["&G371&"]"&E371&"'!"&$AF$3),0)} -> #VALUE! | U371: {=IF(AND(G371=INDIRECT("'["&G371&"]"&E371&"'!"&$AH$2),OR(I371=INDIRECT("'["&G371&"]"&E371&"'!"&$AG$2))),INDIRECT("'["&G371&"]"&E371&"'!"&$AG$3),0)} -> #VALUE! | V371: =MID(B371,7,9) | W371: {=IF(AND(G371=INDIRECT("'["&G371&"]"&E371&"'!"&$AH$2),OR(V371=INDIRECT("'["&G371&"]"&E371&"'!"&$AI$2))),INDIRECT("'["&G371&"]"&E371&"'!"&$AI$3),0)} -> #VALUE! | AJ371: 1 | AK371: =(C371*AJ371%) -> 0 | AL371: =C371-AK371 -> 0 | AM371: =IF(A371<>"",IF(AM371="",NOW(),AM371),"") | AN371: =IF(VALUE(N371),"/","") -> #VALUE! | AO371: =IF(VALUE(O371),"/","") -> #VALUE! | AP371: =IF(ISTEXT(W371),"อายัด","") | AQ371: =IF(AND(C371<>0, C372=0), SUM($C$2:C371)-SUM($AQ$1:AQ370), "") | AR371: =IF(AND(AK371<>0, AK372=0), SUM($AK$2:AK371)-SUM($AR$1:AR370), "")
B372: =LEFT(A372,15) | C372: {=SUM(IF(ISNUMBER(M372:U372),M372:U372,""))} -> 0 | D372: =MID(A372,4,2) | E372: =IF(ISEVEN(D372),D372-1,VALUE(D372)) -> #VALUE! | F372: =LEFT(A372,2) | G372: =CONCATENATE(F372,".xlsx") -> .xlsx | H372: {=IF(AND(VALUE(E372)=INDIRECT("'["&G372&"]"&E372&"'!"&$X$2),G372=INDIRECT("'["&G372&"]"&E372&"'!"&$X$3)),INDIRECT("'["&G372&"]"&E372&"'!"&$X$1),0)} -> #VALUE! | I372: =MID(A372,10,6) | J372: =RIGHT(I372,2) | K372: =LEFT(I372,3) | L372: =RIGHT(I372,3) | M372: {=IF(AND(J372=INDIRECT("'["&G372&"]"&E372&"'!"&$Y$2),G372=INDIRECT("'["&G372&"]"&E372&"'!"&$AH$2)),INDIRECT("'["&G372&"]"&E372&"'!"&$Y$3),0)} -> #VALUE! | N372: {=IF(AND(G372=INDIRECT("'["&G372&"]"&E372&"'!"&$AH$2),OR(K372=INDIRECT("'["&G372&"]"&E372&"'!"&$Z$2))),INDIRECT("'["&G372&"]"&E372&"'!"&$Z$3),0)} -> #VALUE! | O372: {=IF(AND(G372=INDIRECT("'["&G372&"]"&E372&"'!"&$AH$2),OR(L372=INDIRECT("'["&G372&"]"&E372&"'!"&$AA$2))),INDIRECT("'["&G372&"]"&E372&"'!"&$AA$3),0)} -> #VALUE! | P372: {=IF(AND(G372=INDIRECT("'["&G372&"]"&E372&"'!"&$AH$2),OR(VALUE(I372)=INDIRECT("'["&G372&"]"&E372&"'!"&$AB$2))),INDIRECT("'["&G372&"]"&E372&"'!"&$AB$3),0)} -> #VALUE! | Q372: {=IF(AND(G372=INDIRECT("'["&G372&"]"&E372&"'!"&$AH$2),OR(VALUE(I372)=INDIRECT("'["&G372&"]"&E372&"'!"&$AC$2))),INDIRECT("'["&G372&"]"&E372&"'!"&$AC$3),0)} -> #VALUE! | R372: {=IF(AND(G372=INDIRECT("'["&G372&"]"&E372&"'!"&$AH$2),OR(I372=INDIRECT("'["&G372&"]"&E372&"'!"&$AD$2))),INDIRECT("'["&G372&"]"&E372&"'!"&$AD$3),0)} -> #VALUE! | S372: {=IF(AND(G372=INDIRECT("'["&G372&"]"&E372&"'!"&$AH$2),OR(I372=INDIRECT("'["&G372&"]"&E372&"'!"&$AE$2))),INDIRECT("'["&G372&"]"&E372&"'!"&$AE$3),0)} -> #VALUE! | T372: {=IF(AND(G372=INDIRECT("'["&G372&"]"&E372&"'!"&$AH$2),OR(I372=INDIRECT("'["&G372&"]"&E372&"'!"&$AF$2))),INDIRECT("'["&G372&"]"&E372&"'!"&$AF$3),0)} -> #VALUE! | U372: {=IF(AND(G372=INDIRECT("'["&G372&"]"&E372&"'!"&$AH$2),OR(I372=INDIRECT("'["&G372&"]"&E372&"'!"&$AG$2))),INDIRECT("'["&G372&"]"&E372&"'!"&$AG$3),0)} -> #VALUE! | V372: =MID(B372,7,9) | W372: {=IF(AND(G372=INDIRECT("'["&G372&"]"&E372&"'!"&$AH$2),OR(V372=INDIRECT("'["&G372&"]"&E372&"'!"&$AI$2))),INDIRECT("'["&G372&"]"&E372&"'!"&$AI$3),0)} -> #VALUE! | AJ372: 1 | AK372: =(C372*AJ372%) -> 0 | AL372: =C372-AK372 -> 0 | AM372: =IF(A372<>"",IF(AM372="",NOW(),AM372),"") | AN372: =IF(VALUE(N372),"/","") -> #VALUE! | AO372: =IF(VALUE(O372),"/","") -> #VALUE! | AP372: =IF(ISTEXT(W372),"อายัด","") | AQ372: =IF(AND(C372<>0, C373=0), SUM($C$2:C372)-SUM($AQ$1:AQ371), "") | AR372: =IF(AND(AK372<>0, AK373=0), SUM($AK$2:AK372)-SUM($AR$1:AR371), "")
B373: =LEFT(A373,15) | C373: {=SUM(IF(ISNUMBER(M373:U373),M373:U373,""))} -> 0 | D373: =MID(A373,4,2) | E373: =IF(ISEVEN(D373),D373-1,VALUE(D373)) -> #VALUE! | F373: =LEFT(A373,2) | G373: =CONCATENATE(F373,".xlsx") -> .xlsx | H373: {=IF(AND(VALUE(E373)=INDIRECT("'["&G373&"]"&E373&"'!"&$X$2),G373=INDIRECT("'["&G373&"]"&E373&"'!"&$X$3)),INDIRECT("'["&G373&"]"&E373&"'!"&$X$1),0)} -> #VALUE! | I373: =MID(A373,10,6) | J373: =RIGHT(I373,2) | K373: =LEFT(I373,3) | L373: =RIGHT(I373,3) | M373: {=IF(AND(J373=INDIRECT("'["&G373&"]"&E373&"'!"&$Y$2),G373=INDIRECT("'["&G373&"]"&E373&"'!"&$AH$2)),INDIRECT("'["&G373&"]"&E373&"'!"&$Y$3),0)} -> #VALUE! | N373: {=IF(AND(G373=INDIRECT("'["&G373&"]"&E373&"'!"&$AH$2),OR(K373=INDIRECT("'["&G373&"]"&E373&"'!"&$Z$2))),INDIRECT("'["&G373&"]"&E373&"'!"&$Z$3),0)} -> #VALUE! | O373: {=IF(AND(G373=INDIRECT("'["&G373&"]"&E373&"'!"&$AH$2),OR(L373=INDIRECT("'["&G373&"]"&E373&"'!"&$AA$2))),INDIRECT("'["&G373&"]"&E373&"'!"&$AA$3),0)} -> #VALUE! | P373: {=IF(AND(G373=INDIRECT("'["&G373&"]"&E373&"'!"&$AH$2),OR(VALUE(I373)=INDIRECT("'["&G373&"]"&E373&"'!"&$AB$2))),INDIRECT("'["&G373&"]"&E373&"'!"&$AB$3),0)} -> #VALUE! | Q373: {=IF(AND(G373=INDIRECT("'["&G373&"]"&E373&"'!"&$AH$2),OR(VALUE(I373)=INDIRECT("'["&G373&"]"&E373&"'!"&$AC$2))),INDIRECT("'["&G373&"]"&E373&"'!"&$AC$3),0)} -> #VALUE! | R373: {=IF(AND(G373=INDIRECT("'["&G373&"]"&E373&"'!"&$AH$2),OR(I373=INDIRECT("'["&G373&"]"&E373&"'!"&$AD$2))),INDIRECT("'["&G373&"]"&E373&"'!"&$AD$3),0)} -> #VALUE! | S373: {=IF(AND(G373=INDIRECT("'["&G373&"]"&E373&"'!"&$AH$2),OR(I373=INDIRECT("'["&G373&"]"&E373&"'!"&$AE$2))),INDIRECT("'["&G373&"]"&E373&"'!"&$AE$3),0)} -> #VALUE! | T373: {=IF(AND(G373=INDIRECT("'["&G373&"]"&E373&"'!"&$AH$2),OR(I373=INDIRECT("'["&G373&"]"&E373&"'!"&$AF$2))),INDIRECT("'["&G373&"]"&E373&"'!"&$AF$3),0)} -> #VALUE! | U373: {=IF(AND(G373=INDIRECT("'["&G373&"]"&E373&"'!"&$AH$2),OR(I373=INDIRECT("'["&G373&"]"&E373&"'!"&$AG$2))),INDIRECT("'["&G373&"]"&E373&"'!"&$AG$3),0)} -> #VALUE! | V373: =MID(B373,7,9) | W373: {=IF(AND(G373=INDIRECT("'["&G373&"]"&E373&"'!"&$AH$2),OR(V373=INDIRECT("'["&G373&"]"&E373&"'!"&$AI$2))),INDIRECT("'["&G373&"]"&E373&"'!"&$AI$3),0)} -> #VALUE! | AJ373: 1 | AK373: =(C373*AJ373%) -> 0 | AL373: =C373-AK373 -> 0 | AM373: =IF(A373<>"",IF(AM373="",NOW(),AM373),"") | AN373: =IF(VALUE(N373),"/","") -> #VALUE! | AO373: =IF(VALUE(O373),"/","") -> #VALUE! | AP373: =IF(ISTEXT(W373),"อายัด","") | AQ373: =IF(AND(C373<>0, C374=0), SUM($C$2:C373)-SUM($AQ$1:AQ372), "") | AR373: =IF(AND(AK373<>0, AK374=0), SUM($AK$2:AK373)-SUM($AR$1:AR372), "")
B374: =LEFT(A374,15) | C374: {=SUM(IF(ISNUMBER(M374:U374),M374:U374,""))} -> 0 | D374: =MID(A374,4,2) | E374: =IF(ISEVEN(D374),D374-1,VALUE(D374)) -> #VALUE! | F374: =LEFT(A374,2) | G374: =CONCATENATE(F374,".xlsx") -> .xlsx | H374: {=IF(AND(VALUE(E374)=INDIRECT("'["&G374&"]"&E374&"'!"&$X$2),G374=INDIRECT("'["&G374&"]"&E374&"'!"&$X$3)),INDIRECT("'["&G374&"]"&E374&"'!"&$X$1),0)} -> #VALUE! | I374: =MID(A374,10,6) | J374: =RIGHT(I374,2) | K374: =LEFT(I374,3) | L374: =RIGHT(I374,3) | M374: {=IF(AND(J374=INDIRECT("'["&G374&"]"&E374&"'!"&$Y$2),G374=INDIRECT("'["&G374&"]"&E374&"'!"&$AH$2)),INDIRECT("'["&G374&"]"&E374&"'!"&$Y$3),0)} -> #VALUE! | N374: {=IF(AND(G374=INDIRECT("'["&G374&"]"&E374&"'!"&$AH$2),OR(K374=INDIRECT("'["&G374&"]"&E374&"'!"&$Z$2))),INDIRECT("'["&G374&"]"&E374&"'!"&$Z$3),0)} -> #VALUE! | O374: {=IF(AND(G374=INDIRECT("'["&G374&"]"&E374&"'!"&$AH$2),OR(L374=INDIRECT("'["&G374&"]"&E374&"'!"&$AA$2))),INDIRECT("'["&G374&"]"&E374&"'!"&$AA$3),0)} -> #VALUE! | P374: {=IF(AND(G374=INDIRECT("'["&G374&"]"&E374&"'!"&$AH$2),OR(VALUE(I374)=INDIRECT("'["&G374&"]"&E374&"'!"&$AB$2))),INDIRECT("'["&G374&"]"&E374&"'!"&$AB$3),0)} -> #VALUE! | Q374: {=IF(AND(G374=INDIRECT("'["&G374&"]"&E374&"'!"&$AH$2),OR(VALUE(I374)=INDIRECT("'["&G374&"]"&E374&"'!"&$AC$2))),INDIRECT("'["&G374&"]"&E374&"'!"&$AC$3),0)} -> #VALUE! | R374: {=IF(AND(G374=INDIRECT("'["&G374&"]"&E374&"'!"&$AH$2),OR(I374=INDIRECT("'["&G374&"]"&E374&"'!"&$AD$2))),INDIRECT("'["&G374&"]"&E374&"'!"&$AD$3),0)} -> #VALUE! | S374: {=IF(AND(G374=INDIRECT("'["&G374&"]"&E374&"'!"&$AH$2),OR(I374=INDIRECT("'["&G374&"]"&E374&"'!"&$AE$2))),INDIRECT("'["&G374&"]"&E374&"'!"&$AE$3),0)} -> #VALUE! | T374: {=IF(AND(G374=INDIRECT("'["&G374&"]"&E374&"'!"&$AH$2),OR(I374=INDIRECT("'["&G374&"]"&E374&"'!"&$AF$2))),INDIRECT("'["&G374&"]"&E374&"'!"&$AF$3),0)} -> #VALUE! | U374: {=IF(AND(G374=INDIRECT("'["&G374&"]"&E374&"'!"&$AH$2),OR(I374=INDIRECT("'["&G374&"]"&E374&"'!"&$AG$2))),INDIRECT("'["&G374&"]"&E374&"'!"&$AG$3),0)} -> #VALUE! | V374: =MID(B374,7,9) | W374: {=IF(AND(G374=INDIRECT("'["&G374&"]"&E374&"'!"&$AH$2),OR(V374=INDIRECT("'["&G374&"]"&E374&"'!"&$AI$2))),INDIRECT("'["&G374&"]"&E374&"'!"&$AI$3),0)} -> #VALUE! | AJ374: 1 | AK374: =(C374*AJ374%) -> 0 | AL374: =C374-AK374 -> 0 | AM374: =IF(A374<>"",IF(AM374="",NOW(),AM374),"") | AN374: =IF(VALUE(N374),"/","") -> #VALUE! | AO374: =IF(VALUE(O374),"/","") -> #VALUE! | AP374: =IF(ISTEXT(W374),"อายัด","") | AQ374: =IF(AND(C374<>0, C375=0), SUM($C$2:C374)-SUM($AQ$1:AQ373), "") | AR374: =IF(AND(AK374<>0, AK375=0), SUM($AK$2:AK374)-SUM($AR$1:AR373), "")
B375: =LEFT(A375,15) | C375: {=SUM(IF(ISNUMBER(M375:U375),M375:U375,""))} -> 0 | D375: =MID(A375,4,2) | E375: =IF(ISEVEN(D375),D375-1,VALUE(D375)) -> #VALUE! | F375: =LEFT(A375,2) | G375: =CONCATENATE(F375,".xlsx") -> .xlsx | H375: {=IF(AND(VALUE(E375)=INDIRECT("'["&G375&"]"&E375&"'!"&$X$2),G375=INDIRECT("'["&G375&"]"&E375&"'!"&$X$3)),INDIRECT("'["&G375&"]"&E375&"'!"&$X$1),0)} -> #VALUE! | I375: =MID(A375,10,6) | J375: =RIGHT(I375,2) | K375: =LEFT(I375,3) | L375: =RIGHT(I375,3) | M375: {=IF(AND(J375=INDIRECT("'["&G375&"]"&E375&"'!"&$Y$2),G375=INDIRECT("'["&G375&"]"&E375&"'!"&$AH$2)),INDIRECT("'["&G375&"]"&E375&"'!"&$Y$3),0)} -> #VALUE! | N375: {=IF(AND(G375=INDIRECT("'["&G375&"]"&E375&"'!"&$AH$2),OR(K375=INDIRECT("'["&G375&"]"&E375&"'!"&$Z$2))),INDIRECT("'["&G375&"]"&E375&"'!"&$Z$3),0)} -> #VALUE! | O375: {=IF(AND(G375=INDIRECT("'["&G375&"]"&E375&"'!"&$AH$2),OR(L375=INDIRECT("'["&G375&"]"&E375&"'!"&$AA$2))),INDIRECT("'["&G375&"]"&E375&"'!"&$AA$3),0)} -> #VALUE! | P375: {=IF(AND(G375=INDIRECT("'["&G375&"]"&E375&"'!"&$AH$2),OR(VALUE(I375)=INDIRECT("'["&G375&"]"&E375&"'!"&$AB$2))),INDIRECT("'["&G375&"]"&E375&"'!"&$AB$3),0)} -> #VALUE! | Q375: {=IF(AND(G375=INDIRECT("'["&G375&"]"&E375&"'!"&$AH$2),OR(VALUE(I375)=INDIRECT("'["&G375&"]"&E375&"'!"&$AC$2))),INDIRECT("'["&G375&"]"&E375&"'!"&$AC$3),0)} -> #VALUE! | R375: {=IF(AND(G375=INDIRECT("'["&G375&"]"&E375&"'!"&$AH$2),OR(I375=INDIRECT("'["&G375&"]"&E375&"'!"&$AD$2))),INDIRECT("'["&G375&"]"&E375&"'!"&$AD$3),0)} -> #VALUE! | S375: {=IF(AND(G375=INDIRECT("'["&G375&"]"&E375&"'!"&$AH$2),OR(I375=INDIRECT("'["&G375&"]"&E375&"'!"&$AE$2))),INDIRECT("'["&G375&"]"&E375&"'!"&$AE$3),0)} -> #VALUE! | T375: {=IF(AND(G375=INDIRECT("'["&G375&"]"&E375&"'!"&$AH$2),OR(I375=INDIRECT("'["&G375&"]"&E375&"'!"&$AF$2))),INDIRECT("'["&G375&"]"&E375&"'!"&$AF$3),0)} -> #VALUE! | U375: {=IF(AND(G375=INDIRECT("'["&G375&"]"&E375&"'!"&$AH$2),OR(I375=INDIRECT("'["&G375&"]"&E375&"'!"&$AG$2))),INDIRECT("'["&G375&"]"&E375&"'!"&$AG$3),0)} -> #VALUE! | V375: =MID(B375,7,9) | W375: {=IF(AND(G375=INDIRECT("'["&G375&"]"&E375&"'!"&$AH$2),OR(V375=INDIRECT("'["&G375&"]"&E375&"'!"&$AI$2))),INDIRECT("'["&G375&"]"&E375&"'!"&$AI$3),0)} -> #VALUE! | AJ375: 1 | AK375: =(C375*AJ375%) -> 0 | AL375: =C375-AK375 -> 0 | AM375: =IF(A375<>"",IF(AM375="",NOW(),AM375),"") | AN375: =IF(VALUE(N375),"/","") -> #VALUE! | AO375: =IF(VALUE(O375),"/","") -> #VALUE! | AP375: =IF(ISTEXT(W375),"อายัด","") | AQ375: =IF(AND(C375<>0, C376=0), SUM($C$2:C375)-SUM($AQ$1:AQ374), "") | AR375: =IF(AND(AK375<>0, AK376=0), SUM($AK$2:AK375)-SUM($AR$1:AR374), "")
B376: =LEFT(A376,15) | C376: {=SUM(IF(ISNUMBER(M376:U376),M376:U376,""))} -> 0 | D376: =MID(A376,4,2) | E376: =IF(ISEVEN(D376),D376-1,VALUE(D376)) -> #VALUE! | F376: =LEFT(A376,2) | G376: =CONCATENATE(F376,".xlsx") -> .xlsx | H376: {=IF(AND(VALUE(E376)=INDIRECT("'["&G376&"]"&E376&"'!"&$X$2),G376=INDIRECT("'["&G376&"]"&E376&"'!"&$X$3)),INDIRECT("'["&G376&"]"&E376&"'!"&$X$1),0)} -> #VALUE! | I376: =MID(A376,10,6) | J376: =RIGHT(I376,2) | K376: =LEFT(I376,3) | L376: =RIGHT(I376,3) | M376: {=IF(AND(J376=INDIRECT("'["&G376&"]"&E376&"'!"&$Y$2),G376=INDIRECT("'["&G376&"]"&E376&"'!"&$AH$2)),INDIRECT("'["&G376&"]"&E376&"'!"&$Y$3),0)} -> #VALUE! | N376: {=IF(AND(G376=INDIRECT("'["&G376&"]"&E376&"'!"&$AH$2),OR(K376=INDIRECT("'["&G376&"]"&E376&"'!"&$Z$2))),INDIRECT("'["&G376&"]"&E376&"'!"&$Z$3),0)} -> #VALUE! | O376: {=IF(AND(G376=INDIRECT("'["&G376&"]"&E376&"'!"&$AH$2),OR(L376=INDIRECT("'["&G376&"]"&E376&"'!"&$AA$2))),INDIRECT("'["&G376&"]"&E376&"'!"&$AA$3),0)} -> #VALUE! | P376: {=IF(AND(G376=INDIRECT("'["&G376&"]"&E376&"'!"&$AH$2),OR(VALUE(I376)=INDIRECT("'["&G376&"]"&E376&"'!"&$AB$2))),INDIRECT("'["&G376&"]"&E376&"'!"&$AB$3),0)} -> #VALUE! | Q376: {=IF(AND(G376=INDIRECT("'["&G376&"]"&E376&"'!"&$AH$2),OR(VALUE(I376)=INDIRECT("'["&G376&"]"&E376&"'!"&$AC$2))),INDIRECT("'["&G376&"]"&E376&"'!"&$AC$3),0)} -> #VALUE! | R376: {=IF(AND(G376=INDIRECT("'["&G376&"]"&E376&"'!"&$AH$2),OR(I376=INDIRECT("'["&G376&"]"&E376&"'!"&$AD$2))),INDIRECT("'["&G376&"]"&E376&"'!"&$AD$3),0)} -> #VALUE! | S376: {=IF(AND(G376=INDIRECT("'["&G376&"]"&E376&"'!"&$AH$2),OR(I376=INDIRECT("'["&G376&"]"&E376&"'!"&$AE$2))),INDIRECT("'["&G376&"]"&E376&"'!"&$AE$3),0)} -> #VALUE! | T376: {=IF(AND(G376=INDIRECT("'["&G376&"]"&E376&"'!"&$AH$2),OR(I376=INDIRECT("'["&G376&"]"&E376&"'!"&$AF$2))),INDIRECT("'["&G376&"]"&E376&"'!"&$AF$3),0)} -> #VALUE! | U376: {=IF(AND(G376=INDIRECT("'["&G376&"]"&E376&"'!"&$AH$2),OR(I376=INDIRECT("'["&G376&"]"&E376&"'!"&$AG$2))),INDIRECT("'["&G376&"]"&E376&"'!"&$AG$3),0)} -> #VALUE! | V376: =MID(B376,7,9) | W376: {=IF(AND(G376=INDIRECT("'["&G376&"]"&E376&"'!"&$AH$2),OR(V376=INDIRECT("'["&G376&"]"&E376&"'!"&$AI$2))),INDIRECT("'["&G376&"]"&E376&"'!"&$AI$3),0)} -> #VALUE! | AJ376: 1 | AK376: =(C376*AJ376%) -> 0 | AL376: =C376-AK376 -> 0 | AM376: =IF(A376<>"",IF(AM376="",NOW(),AM376),"") | AN376: =IF(VALUE(N376),"/","") -> #VALUE! | AO376: =IF(VALUE(O376),"/","") -> #VALUE! | AP376: =IF(ISTEXT(W376),"อายัด","") | AQ376: =IF(AND(C376<>0, C377=0), SUM($C$2:C376)-SUM($AQ$1:AQ375), "") | AR376: =IF(AND(AK376<>0, AK377=0), SUM($AK$2:AK376)-SUM($AR$1:AR375), "")
B377: =LEFT(A377,15) | C377: {=SUM(IF(ISNUMBER(M377:U377),M377:U377,""))} -> 0 | D377: =MID(A377,4,2) | E377: =IF(ISEVEN(D377),D377-1,VALUE(D377)) -> #VALUE! | F377: =LEFT(A377,2) | G377: =CONCATENATE(F377,".xlsx") -> .xlsx | H377: {=IF(AND(VALUE(E377)=INDIRECT("'["&G377&"]"&E377&"'!"&$X$2),G377=INDIRECT("'["&G377&"]"&E377&"'!"&$X$3)),INDIRECT("'["&G377&"]"&E377&"'!"&$X$1),0)} -> #VALUE! | I377: =MID(A377,10,6) | J377: =RIGHT(I377,2) | K377: =LEFT(I377,3) | L377: =RIGHT(I377,3) | M377: {=IF(AND(J377=INDIRECT("'["&G377&"]"&E377&"'!"&$Y$2),G377=INDIRECT("'["&G377&"]"&E377&"'!"&$AH$2)),INDIRECT("'["&G377&"]"&E377&"'!"&$Y$3),0)} -> #VALUE! | N377: {=IF(AND(G377=INDIRECT("'["&G377&"]"&E377&"'!"&$AH$2),OR(K377=INDIRECT("'["&G377&"]"&E377&"'!"&$Z$2))),INDIRECT("'["&G377&"]"&E377&"'!"&$Z$3),0)} -> #VALUE! | O377: {=IF(AND(G377=INDIRECT("'["&G377&"]"&E377&"'!"&$AH$2),OR(L377=INDIRECT("'["&G377&"]"&E377&"'!"&$AA$2))),INDIRECT("'["&G377&"]"&E377&"'!"&$AA$3),0)} -> #VALUE! | P377: {=IF(AND(G377=INDIRECT("'["&G377&"]"&E377&"'!"&$AH$2),OR(VALUE(I377)=INDIRECT("'["&G377&"]"&E377&"'!"&$AB$2))),INDIRECT("'["&G377&"]"&E377&"'!"&$AB$3),0)} -> #VALUE! | Q377: {=IF(AND(G377=INDIRECT("'["&G377&"]"&E377&"'!"&$AH$2),OR(VALUE(I377)=INDIRECT("'["&G377&"]"&E377&"'!"&$AC$2))),INDIRECT("'["&G377&"]"&E377&"'!"&$AC$3),0)} -> #VALUE! | R377: {=IF(AND(G377=INDIRECT("'["&G377&"]"&E377&"'!"&$AH$2),OR(I377=INDIRECT("'["&G377&"]"&E377&"'!"&$AD$2))),INDIRECT("'["&G377&"]"&E377&"'!"&$AD$3),0)} -> #VALUE! | S377: {=IF(AND(G377=INDIRECT("'["&G377&"]"&E377&"'!"&$AH$2),OR(I377=INDIRECT("'["&G377&"]"&E377&"'!"&$AE$2))),INDIRECT("'["&G377&"]"&E377&"'!"&$AE$3),0)} -> #VALUE! | T377: {=IF(AND(G377=INDIRECT("'["&G377&"]"&E377&"'!"&$AH$2),OR(I377=INDIRECT("'["&G377&"]"&E377&"'!"&$AF$2))),INDIRECT("'["&G377&"]"&E377&"'!"&$AF$3),0)} -> #VALUE! | U377: {=IF(AND(G377=INDIRECT("'["&G377&"]"&E377&"'!"&$AH$2),OR(I377=INDIRECT("'["&G377&"]"&E377&"'!"&$AG$2))),INDIRECT("'["&G377&"]"&E377&"'!"&$AG$3),0)} -> #VALUE! | V377: =MID(B377,7,9) | W377: {=IF(AND(G377=INDIRECT("'["&G377&"]"&E377&"'!"&$AH$2),OR(V377=INDIRECT("'["&G377&"]"&E377&"'!"&$AI$2))),INDIRECT("'["&G377&"]"&E377&"'!"&$AI$3),0)} -> #VALUE! | AJ377: 1 | AK377: =(C377*AJ377%) -> 0 | AL377: =C377-AK377 -> 0 | AM377: =IF(A377<>"",IF(AM377="",NOW(),AM377),"") | AN377: =IF(VALUE(N377),"/","") -> #VALUE! | AO377: =IF(VALUE(O377),"/","") -> #VALUE! | AP377: =IF(ISTEXT(W377),"อายัด","") | AQ377: =IF(AND(C377<>0, C378=0), SUM($C$2:C377)-SUM($AQ$1:AQ376), "") | AR377: =IF(AND(AK377<>0, AK378=0), SUM($AK$2:AK377)-SUM($AR$1:AR376), "")
B378: =LEFT(A378,15) | C378: {=SUM(IF(ISNUMBER(M378:U378),M378:U378,""))} -> 0 | D378: =MID(A378,4,2) | E378: =IF(ISEVEN(D378),D378-1,VALUE(D378)) -> #VALUE! | F378: =LEFT(A378,2) | G378: =CONCATENATE(F378,".xlsx") -> .xlsx | H378: {=IF(AND(VALUE(E378)=INDIRECT("'["&G378&"]"&E378&"'!"&$X$2),G378=INDIRECT("'["&G378&"]"&E378&"'!"&$X$3)),INDIRECT("'["&G378&"]"&E378&"'!"&$X$1),0)} -> #VALUE! | I378: =MID(A378,10,6) | J378: =RIGHT(I378,2) | K378: =LEFT(I378,3) | L378: =RIGHT(I378,3) | M378: {=IF(AND(J378=INDIRECT("'["&G378&"]"&E378&"'!"&$Y$2),G378=INDIRECT("'["&G378&"]"&E378&"'!"&$AH$2)),INDIRECT("'["&G378&"]"&E378&"'!"&$Y$3),0)} -> #VALUE! | N378: {=IF(AND(G378=INDIRECT("'["&G378&"]"&E378&"'!"&$AH$2),OR(K378=INDIRECT("'["&G378&"]"&E378&"'!"&$Z$2))),INDIRECT("'["&G378&"]"&E378&"'!"&$Z$3),0)} -> #VALUE! | O378: {=IF(AND(G378=INDIRECT("'["&G378&"]"&E378&"'!"&$AH$2),OR(L378=INDIRECT("'["&G378&"]"&E378&"'!"&$AA$2))),INDIRECT("'["&G378&"]"&E378&"'!"&$AA$3),0)} -> #VALUE! | P378: {=IF(AND(G378=INDIRECT("'["&G378&"]"&E378&"'!"&$AH$2),OR(VALUE(I378)=INDIRECT("'["&G378&"]"&E378&"'!"&$AB$2))),INDIRECT("'["&G378&"]"&E378&"'!"&$AB$3),0)} -> #VALUE! | Q378: {=IF(AND(G378=INDIRECT("'["&G378&"]"&E378&"'!"&$AH$2),OR(VALUE(I378)=INDIRECT("'["&G378&"]"&E378&"'!"&$AC$2))),INDIRECT("'["&G378&"]"&E378&"'!"&$AC$3),0)} -> #VALUE! | R378: {=IF(AND(G378=INDIRECT("'["&G378&"]"&E378&"'!"&$AH$2),OR(I378=INDIRECT("'["&G378&"]"&E378&"'!"&$AD$2))),INDIRECT("'["&G378&"]"&E378&"'!"&$AD$3),0)} -> #VALUE! | S378: {=IF(AND(G378=INDIRECT("'["&G378&"]"&E378&"'!"&$AH$2),OR(I378=INDIRECT("'["&G378&"]"&E378&"'!"&$AE$2))),INDIRECT("'["&G378&"]"&E378&"'!"&$AE$3),0)} -> #VALUE! | T378: {=IF(AND(G378=INDIRECT("'["&G378&"]"&E378&"'!"&$AH$2),OR(I378=INDIRECT("'["&G378&"]"&E378&"'!"&$AF$2))),INDIRECT("'["&G378&"]"&E378&"'!"&$AF$3),0)} -> #VALUE! | U378: {=IF(AND(G378=INDIRECT("'["&G378&"]"&E378&"'!"&$AH$2),OR(I378=INDIRECT("'["&G378&"]"&E378&"'!"&$AG$2))),INDIRECT("'["&G378&"]"&E378&"'!"&$AG$3),0)} -> #VALUE! | V378: =MID(B378,7,9) | W378: {=IF(AND(G378=INDIRECT("'["&G378&"]"&E378&"'!"&$AH$2),OR(V378=INDIRECT("'["&G378&"]"&E378&"'!"&$AI$2))),INDIRECT("'["&G378&"]"&E378&"'!"&$AI$3),0)} -> #VALUE! | AJ378: 1 | AK378: =(C378*AJ378%) -> 0 | AL378: =C378-AK378 -> 0 | AM378: =IF(A378<>"",IF(AM378="",NOW(),AM378),"") | AN378: =IF(VALUE(N378),"/","") -> #VALUE! | AO378: =IF(VALUE(O378),"/","") -> #VALUE! | AP378: =IF(ISTEXT(W378),"อายัด","") | AQ378: =IF(AND(C378<>0, C379=0), SUM($C$2:C378)-SUM($AQ$1:AQ377), "") | AR378: =IF(AND(AK378<>0, AK379=0), SUM($AK$2:AK378)-SUM($AR$1:AR377), "")
B379: =LEFT(A379,15) | C379: {=SUM(IF(ISNUMBER(M379:U379),M379:U379,""))} -> 0 | D379: =MID(A379,4,2) | E379: =IF(ISEVEN(D379),D379-1,VALUE(D379)) -> #VALUE! | F379: =LEFT(A379,2) | G379: =CONCATENATE(F379,".xlsx") -> .xlsx | H379: {=IF(AND(VALUE(E379)=INDIRECT("'["&G379&"]"&E379&"'!"&$X$2),G379=INDIRECT("'["&G379&"]"&E379&"'!"&$X$3)),INDIRECT("'["&G379&"]"&E379&"'!"&$X$1),0)} -> #VALUE! | I379: =MID(A379,10,6) | J379: =RIGHT(I379,2) | K379: =LEFT(I379,3) | L379: =RIGHT(I379,3) | M379: {=IF(AND(J379=INDIRECT("'["&G379&"]"&E379&"'!"&$Y$2),G379=INDIRECT("'["&G379&"]"&E379&"'!"&$AH$2)),INDIRECT("'["&G379&"]"&E379&"'!"&$Y$3),0)} -> #VALUE! | N379: {=IF(AND(G379=INDIRECT("'["&G379&"]"&E379&"'!"&$AH$2),OR(K379=INDIRECT("'["&G379&"]"&E379&"'!"&$Z$2))),INDIRECT("'["&G379&"]"&E379&"'!"&$Z$3),0)} -> #VALUE! | O379: {=IF(AND(G379=INDIRECT("'["&G379&"]"&E379&"'!"&$AH$2),OR(L379=INDIRECT("'["&G379&"]"&E379&"'!"&$AA$2))),INDIRECT("'["&G379&"]"&E379&"'!"&$AA$3),0)} -> #VALUE! | P379: {=IF(AND(G379=INDIRECT("'["&G379&"]"&E379&"'!"&$AH$2),OR(VALUE(I379)=INDIRECT("'["&G379&"]"&E379&"'!"&$AB$2))),INDIRECT("'["&G379&"]"&E379&"'!"&$AB$3),0)} -> #VALUE! | Q379: {=IF(AND(G379=INDIRECT("'["&G379&"]"&E379&"'!"&$AH$2),OR(VALUE(I379)=INDIRECT("'["&G379&"]"&E379&"'!"&$AC$2))),INDIRECT("'["&G379&"]"&E379&"'!"&$AC$3),0)} -> #VALUE! | R379: {=IF(AND(G379=INDIRECT("'["&G379&"]"&E379&"'!"&$AH$2),OR(I379=INDIRECT("'["&G379&"]"&E379&"'!"&$AD$2))),INDIRECT("'["&G379&"]"&E379&"'!"&$AD$3),0)} -> #VALUE! | S379: {=IF(AND(G379=INDIRECT("'["&G379&"]"&E379&"'!"&$AH$2),OR(I379=INDIRECT("'["&G379&"]"&E379&"'!"&$AE$2))),INDIRECT("'["&G379&"]"&E379&"'!"&$AE$3),0)} -> #VALUE! | T379: {=IF(AND(G379=INDIRECT("'["&G379&"]"&E379&"'!"&$AH$2),OR(I379=INDIRECT("'["&G379&"]"&E379&"'!"&$AF$2))),INDIRECT("'["&G379&"]"&E379&"'!"&$AF$3),0)} -> #VALUE! | U379: {=IF(AND(G379=INDIRECT("'["&G379&"]"&E379&"'!"&$AH$2),OR(I379=INDIRECT("'["&G379&"]"&E379&"'!"&$AG$2))),INDIRECT("'["&G379&"]"&E379&"'!"&$AG$3),0)} -> #VALUE! | V379: =MID(B379,7,9) | W379: {=IF(AND(G379=INDIRECT("'["&G379&"]"&E379&"'!"&$AH$2),OR(V379=INDIRECT("'["&G379&"]"&E379&"'!"&$AI$2))),INDIRECT("'["&G379&"]"&E379&"'!"&$AI$3),0)} -> #VALUE! | AJ379: 1 | AK379: =(C379*AJ379%) -> 0 | AL379: =C379-AK379 -> 0 | AM379: =IF(A379<>"",IF(AM379="",NOW(),AM379),"") | AN379: =IF(VALUE(N379),"/","") -> #VALUE! | AO379: =IF(VALUE(O379),"/","") -> #VALUE! | AP379: =IF(ISTEXT(W379),"อายัด","") | AQ379: =IF(AND(C379<>0, C380=0), SUM($C$2:C379)-SUM($AQ$1:AQ378), "") | AR379: =IF(AND(AK379<>0, AK380=0), SUM($AK$2:AK379)-SUM($AR$1:AR378), "")
... B500: =LEFT(A500,15) | C500: {=SUM(IF(ISNUMBER(M500:U500),M500:U500,""))} -> 0 | D500: =MID(A500,4,2) | E500: =IF(ISEVEN(D500),D500-1,VALUE(D500)) -> #VALUE! | F500: =LEFT(A500,2) | G500: =CONCATENATE(F500,".xlsx") -> .xlsx | H500: {=IF(AND(VALUE(E500)=INDIRECT("'["&G500&"]"&E500&"'!"&$X$2),G500=INDIRECT("'["&G500&"]"&E500&"'!"&$X$3)),INDIRECT("'["&G500&"]"&E500&"'!"&$X$1),0)} -> #VALUE! | I500: =MID(A500,10,6) | J500: =RIGHT(I500,2) | K500: =LEFT(I500,3) | L500: =RIGHT(I500,3) | M500: {=IF(AND(J500=INDIRECT("'["&G500&"]"&E500&"'!"&$Y$2),G500=INDIRECT("'["&G500&"]"&E500&"'!"&$AH$2)),INDIRECT("'["&G500&"]"&E500&"'!"&$Y$3),0)} -> #VALUE! | N500: {=IF(AND(G500=INDIRECT("'["&G500&"]"&E500&"'!"&$AH$2),OR(K500=INDIRECT("'["&G500&"]"&E500&"'!"&$Z$2))),INDIRECT("'["&G500&"]"&E500&"'!"&$Z$3),0)} -> #VALUE! | O500: {=IF(AND(G500=INDIRECT("'["&G500&"]"&E500&"'!"&$AH$2),OR(L500=INDIRECT("'["&G500&"]"&E500&"'!"&$AA$2))),INDIRECT("'["&G500&"]"&E500&"'!"&$AA$3),0)} -> #VALUE! | P500: {=IF(AND(G500=INDIRECT("'["&G500&"]"&E500&"'!"&$AH$2),OR(VALUE(I500)=INDIRECT("'["&G500&"]"&E500&"'!"&$AB$2))),INDIRECT("'["&G500&"]"&E500&"'!"&$AB$3),0)} -> #VALUE! | Q500: {=IF(AND(G500=INDIRECT("'["&G500&"]"&E500&"'!"&$AH$2),OR(VALUE(I500)=INDIRECT("'["&G500&"]"&E500&"'!"&$AC$2))),INDIRECT("'["&G500&"]"&E500&"'!"&$AC$3),0)} -> #VALUE! | R500: {=IF(AND(G500=INDIRECT("'["&G500&"]"&E500&"'!"&$AH$2),OR(I500=INDIRECT("'["&G500&"]"&E500&"'!"&$AD$2))),INDIRECT("'["&G500&"]"&E500&"'!"&$AD$3),0)} -> #VALUE! | S500: {=IF(AND(G500=INDIRECT("'["&G500&"]"&E500&"'!"&$AH$2),OR(I500=INDIRECT("'["&G500&"]"&E500&"'!"&$AE$2))),INDIRECT("'["&G500&"]"&E500&"'!"&$AE$3),0)} -> #VALUE! | T500: {=IF(AND(G500=INDIRECT("'["&G500&"]"&E500&"'!"&$AH$2),OR(I500=INDIRECT("'["&G500&"]"&E500&"'!"&$AF$2))),INDIRECT("'["&G500&"]"&E500&"'!"&$AF$3),0)} -> #VALUE! | U500: {=IF(AND(G500=INDIRECT("'["&G500&"]"&E500&"'!"&$AH$2),OR(I500=INDIRECT("'["&G500&"]"&E500&"'!"&$AG$2))),INDIRECT("'["&G500&"]"&E500&"'!"&$AG$3),0)} -> #VALUE! | V500: =MID(B500,7,9) | W500: {=IF(AND(G500=INDIRECT("'["&G500&"]"&E500&"'!"&$AH$2),OR(V500=INDIRECT("'["&G500&"]"&E500&"'!"&$AI$2))),INDIRECT("'["&G500&"]"&E500&"'!"&$AI$3),0)} -> #VALUE! | AJ500: 1 | AK500: =(C500*AJ500%) -> 0 | AL500: =C500-AK500 -> 0 | AM500: =IF(A500<>"",IF(AM500="",NOW(),AM500),"") | AN500: =IF(VALUE(N500),"/","") -> #VALUE! | AO500: =IF(VALUE(O500),"/","") -> #VALUE! | AP500: =IF(ISTEXT(W500),"อายัด","") | AQ500: =IF(AND(C500<>0, C501=0), SUM($C$2:C500)-SUM($AQ$1:AQ499), "") | AR500: =IF(AND(AK500<>0, AK501=0), SUM($AK$2:AK500)-SUM($AR$1:AR499), "")
B501: =LEFT(A501,15) | C501: {=SUM(IF(ISNUMBER(M501:U501),M501:U501,""))} -> 0 | D501: =MID(A501,4,2) | E501: =IF(ISEVEN(D501),D501-1,VALUE(D501)) -> #VALUE! | F501: =LEFT(A501,2) | G501: =CONCATENATE(F501,".xlsx") -> .xlsx | H501: {=IF(AND(VALUE(E501)=INDIRECT("'["&G501&"]"&E501&"'!"&$X$2),G501=INDIRECT("'["&G501&"]"&E501&"'!"&$X$3)),INDIRECT("'["&G501&"]"&E501&"'!"&$X$1),0)} -> #VALUE! | I501: =MID(A501,10,6) | J501: =RIGHT(I501,2) | K501: =LEFT(I501,3) | L501: =RIGHT(I501,3) | M501: {=IF(AND(J501=INDIRECT("'["&G501&"]"&E501&"'!"&$Y$2),G501=INDIRECT("'["&G501&"]"&E501&"'!"&$AH$2)),INDIRECT("'["&G501&"]"&E501&"'!"&$Y$3),0)} -> #VALUE! | N501: {=IF(AND(G501=INDIRECT("'["&G501&"]"&E501&"'!"&$AH$2),OR(K501=INDIRECT("'["&G501&"]"&E501&"'!"&$Z$2))),INDIRECT("'["&G501&"]"&E501&"'!"&$Z$3),0)} -> #VALUE! | O501: {=IF(AND(G501=INDIRECT("'["&G501&"]"&E501&"'!"&$AH$2),OR(L501=INDIRECT("'["&G501&"]"&E501&"'!"&$AA$2))),INDIRECT("'["&G501&"]"&E501&"'!"&$AA$3),0)} -> #VALUE! | P501: {=IF(AND(G501=INDIRECT("'["&G501&"]"&E501&"'!"&$AH$2),OR(VALUE(I501)=INDIRECT("'["&G501&"]"&E501&"'!"&$AB$2))),INDIRECT("'["&G501&"]"&E501&"'!"&$AB$3),0)} -> #VALUE! | Q501: {=IF(AND(G501=INDIRECT("'["&G501&"]"&E501&"'!"&$AH$2),OR(VALUE(I501)=INDIRECT("'["&G501&"]"&E501&"'!"&$AC$2))),INDIRECT("'["&G501&"]"&E501&"'!"&$AC$3),0)} -> #VALUE! | R501: {=IF(AND(G501=INDIRECT("'["&G501&"]"&E501&"'!"&$AH$2),OR(I501=INDIRECT("'["&G501&"]"&E501&"'!"&$AD$2))),INDIRECT("'["&G501&"]"&E501&"'!"&$AD$3),0)} -> #VALUE! | S501: {=IF(AND(G501=INDIRECT("'["&G501&"]"&E501&"'!"&$AH$2),OR(I501=INDIRECT("'["&G501&"]"&E501&"'!"&$AE$2))),INDIRECT("'["&G501&"]"&E501&"'!"&$AE$3),0)} -> #VALUE! | T501: {=IF(AND(G501=INDIRECT("'["&G501&"]"&E501&"'!"&$AH$2),OR(I501=INDIRECT("'["&G501&"]"&E501&"'!"&$AF$2))),INDIRECT("'["&G501&"]"&E501&"'!"&$AF$3),0)} -> #VALUE! | U501: {=IF(AND(G501=INDIRECT("'["&G501&"]"&E501&"'!"&$AH$2),OR(I501=INDIRECT("'["&G501&"]"&E501&"'!"&$AG$2))),INDIRECT("'["&G501&"]"&E501&"'!"&$AG$3),0)} -> #VALUE! | V501: =MID(B501,7,9) | W501: {=IF(AND(G501=INDIRECT("'["&G501&"]"&E501&"'!"&$AH$2),OR(V501=INDIRECT("'["&G501&"]"&E501&"'!"&$AI$2))),INDIRECT("'["&G501&"]"&E501&"'!"&$AI$3),0)} -> #VALUE! | AJ501: 1 | AK501: =(C501*AJ501%) -> 0 | AL501: =C501-AK501 -> 0 | AM501: =IF(A501<>"",IF(AM501="",NOW(),AM501),"") | AN501: =IF(VALUE(N501),"/","") -> #VALUE! | AO501: =IF(VALUE(O501),"/","") -> #VALUE! | AQ501: =IF(AND(C501<>0, C502=0), SUM($C$2:C501)-SUM($AQ$1:AQ500), "") | AR501: =IF(AND(AK501<>0, AK502=0), SUM($AK$2:AK501)-SUM($AR$1:AR500), "")
B502: =LEFT(A502,15) | C502: {=SUM(IF(ISNUMBER(M502:U502),M502:U502,""))} -> 0 | D502: =MID(A502,4,2) | E502: =IF(ISEVEN(D502),D502-1,VALUE(D502)) -> #VALUE! | F502: =LEFT(A502,2) | G502: =CONCATENATE(F502,".xlsx") -> .xlsx | H502: {=IF(AND(VALUE(E502)=INDIRECT("'["&G502&"]"&E502&"'!"&$X$2),G502=INDIRECT("'["&G502&"]"&E502&"'!"&$X$3)),INDIRECT("'["&G502&"]"&E502&"'!"&$X$1),0)} -> #VALUE! | I502: =MID(A502,10,6) | J502: =RIGHT(I502,2) | K502: =LEFT(I502,3) | L502: =RIGHT(I502,3) | M502: {=IF(AND(J502=INDIRECT("'["&G502&"]"&E502&"'!"&$Y$2),G502=INDIRECT("'["&G502&"]"&E502&"'!"&$AH$2)),INDIRECT("'["&G502&"]"&E502&"'!"&$Y$3),0)} -> #VALUE! | N502: {=IF(AND(G502=INDIRECT("'["&G502&"]"&E502&"'!"&$AH$2),OR(K502=INDIRECT("'["&G502&"]"&E502&"'!"&$Z$2))),INDIRECT("'["&G502&"]"&E502&"'!"&$Z$3),0)} -> #VALUE! | O502: {=IF(AND(G502=INDIRECT("'["&G502&"]"&E502&"'!"&$AH$2),OR(L502=INDIRECT("'["&G502&"]"&E502&"'!"&$AA$2))),INDIRECT("'["&G502&"]"&E502&"'!"&$AA$3),0)} -> #VALUE! | P502: {=IF(AND(G502=INDIRECT("'["&G502&"]"&E502&"'!"&$AH$2),OR(VALUE(I502)=INDIRECT("'["&G502&"]"&E502&"'!"&$AB$2))),INDIRECT("'["&G502&"]"&E502&"'!"&$AB$3),0)} -> #VALUE! | Q502: {=IF(AND(G502=INDIRECT("'["&G502&"]"&E502&"'!"&$AH$2),OR(VALUE(I502)=INDIRECT("'["&G502&"]"&E502&"'!"&$AC$2))),INDIRECT("'["&G502&"]"&E502&"'!"&$AC$3),0)} -> #VALUE! | R502: {=IF(AND(G502=INDIRECT("'["&G502&"]"&E502&"'!"&$AH$2),OR(I502=INDIRECT("'["&G502&"]"&E502&"'!"&$AD$2))),INDIRECT("'["&G502&"]"&E502&"'!"&$AD$3),0)} -> #VALUE! | S502: {=IF(AND(G502=INDIRECT("'["&G502&"]"&E502&"'!"&$AH$2),OR(I502=INDIRECT("'["&G502&"]"&E502&"'!"&$AE$2))),INDIRECT("'["&G502&"]"&E502&"'!"&$AE$3),0)} -> #VALUE! | T502: {=IF(AND(G502=INDIRECT("'["&G502&"]"&E502&"'!"&$AH$2),OR(I502=INDIRECT("'["&G502&"]"&E502&"'!"&$AF$2))),INDIRECT("'["&G502&"]"&E502&"'!"&$AF$3),0)} -> #VALUE! | U502: {=IF(AND(G502=INDIRECT("'["&G502&"]"&E502&"'!"&$AH$2),OR(I502=INDIRECT("'["&G502&"]"&E502&"'!"&$AG$2))),INDIRECT("'["&G502&"]"&E502&"'!"&$AG$3),0)} -> #VALUE! | V502: =MID(B502,7,9) | W502: {=IF(AND(G502=INDIRECT("'["&G502&"]"&E502&"'!"&$AH$2),OR(V502=INDIRECT("'["&G502&"]"&E502&"'!"&$AI$2))),INDIRECT("'["&G502&"]"&E502&"'!"&$AI$3),0)} -> #VALUE! | AJ502: 1 | AK502: =(C502*AJ502%) -> 0 | AL502: =C502-AK502 -> 0 | AM502: =IF(A502<>"",IF(AM502="",NOW(),AM502),"") | AN502: =IF(VALUE(N502),"/","") -> #VALUE! | AO502: =IF(VALUE(O502),"/","") -> #VALUE! | AQ502: =IF(AND(C502<>0, C503=0), SUM($C$2:C502)-SUM($AQ$1:AQ501), "") | AR502: =IF(AND(AK502<>0, AK503=0), SUM($AK$2:AK502)-SUM($AR$1:AR501), "")
B503: =LEFT(A503,15) | C503: {=SUM(IF(ISNUMBER(M503:U503),M503:U503,""))} -> 0 | D503: =MID(A503,4,2) | E503: =IF(ISEVEN(D503),D503-1,VALUE(D503)) -> #VALUE! | F503: =LEFT(A503,2) | G503: =CONCATENATE(F503,".xlsx") -> .xlsx | H503: {=IF(AND(VALUE(E503)=INDIRECT("'["&G503&"]"&E503&"'!"&$X$2),G503=INDIRECT("'["&G503&"]"&E503&"'!"&$X$3)),INDIRECT("'["&G503&"]"&E503&"'!"&$X$1),0)} -> #VALUE! | I503: =MID(A503,10,6) | J503: =RIGHT(I503,2) | K503: =LEFT(I503,3) | L503: =RIGHT(I503,3) | M503: {=IF(AND(J503=INDIRECT("'["&G503&"]"&E503&"'!"&$Y$2),G503=INDIRECT("'["&G503&"]"&E503&"'!"&$AH$2)),INDIRECT("'["&G503&"]"&E503&"'!"&$Y$3),0)} -> #VALUE! | N503: {=IF(AND(G503=INDIRECT("'["&G503&"]"&E503&"'!"&$AH$2),OR(K503=INDIRECT("'["&G503&"]"&E503&"'!"&$Z$2))),INDIRECT("'["&G503&"]"&E503&"'!"&$Z$3),0)} -> #VALUE! | O503: {=IF(AND(G503=INDIRECT("'["&G503&"]"&E503&"'!"&$AH$2),OR(L503=INDIRECT("'["&G503&"]"&E503&"'!"&$AA$2))),INDIRECT("'["&G503&"]"&E503&"'!"&$AA$3),0)} -> #VALUE! | P503: {=IF(AND(G503=INDIRECT("'["&G503&"]"&E503&"'!"&$AH$2),OR(VALUE(I503)=INDIRECT("'["&G503&"]"&E503&"'!"&$AB$2))),INDIRECT("'["&G503&"]"&E503&"'!"&$AB$3),0)} -> #VALUE! | Q503: {=IF(AND(G503=INDIRECT("'["&G503&"]"&E503&"'!"&$AH$2),OR(VALUE(I503)=INDIRECT("'["&G503&"]"&E503&"'!"&$AC$2))),INDIRECT("'["&G503&"]"&E503&"'!"&$AC$3),0)} -> #VALUE! | R503: {=IF(AND(G503=INDIRECT("'["&G503&"]"&E503&"'!"&$AH$2),OR(I503=INDIRECT("'["&G503&"]"&E503&"'!"&$AD$2))),INDIRECT("'["&G503&"]"&E503&"'!"&$AD$3),0)} -> #VALUE! | S503: {=IF(AND(G503=INDIRECT("'["&G503&"]"&E503&"'!"&$AH$2),OR(I503=INDIRECT("'["&G503&"]"&E503&"'!"&$AE$2))),INDIRECT("'["&G503&"]"&E503&"'!"&$AE$3),0)} -> #VALUE! | T503: {=IF(AND(G503=INDIRECT("'["&G503&"]"&E503&"'!"&$AH$2),OR(I503=INDIRECT("'["&G503&"]"&E503&"'!"&$AF$2))),INDIRECT("'["&G503&"]"&E503&"'!"&$AF$3),0)} -> #VALUE! | U503: {=IF(AND(G503=INDIRECT("'["&G503&"]"&E503&"'!"&$AH$2),OR(I503=INDIRECT("'["&G503&"]"&E503&"'!"&$AG$2))),INDIRECT("'["&G503&"]"&E503&"'!"&$AG$3),0)} -> #VALUE! | V503: =MID(B503,7,9) | W503: {=IF(AND(G503=INDIRECT("'["&G503&"]"&E503&"'!"&$AH$2),OR(V503=INDIRECT("'["&G503&"]"&E503&"'!"&$AI$2))),INDIRECT("'["&G503&"]"&E503&"'!"&$AI$3),0)} -> #VALUE! | AJ503: 1 | AK503: =(C503*AJ503%) -> 0 | AL503: =C503-AK503 -> 0 | AM503: =IF(A503<>"",IF(AM503="",NOW(),AM503),"") | AN503: =IF(VALUE(N503),"/","") -> #VALUE! | AO503: =IF(VALUE(O503),"/","") -> #VALUE! | AQ503: =IF(AND(C503<>0, C504=0), SUM($C$2:C503)-SUM($AQ$1:AQ502), "") | AR503: =IF(AND(AK503<>0, AK504=0), SUM($AK$2:AK503)-SUM($AR$1:AR502), "")
B504: =LEFT(A504,15) | C504: {=SUM(IF(ISNUMBER(M504:U504),M504:U504,""))} -> 0 | D504: =MID(A504,4,2) | E504: =IF(ISEVEN(D504),D504-1,VALUE(D504)) -> #VALUE! | F504: =LEFT(A504,2) | G504: =CONCATENATE(F504,".xlsx") -> .xlsx | H504: {=IF(AND(VALUE(E504)=INDIRECT("'["&G504&"]"&E504&"'!"&$X$2),G504=INDIRECT("'["&G504&"]"&E504&"'!"&$X$3)),INDIRECT("'["&G504&"]"&E504&"'!"&$X$1),0)} -> #VALUE! | I504: =MID(A504,10,6) | J504: =RIGHT(I504,2) | K504: =LEFT(I504,3) | L504: =RIGHT(I504,3) | M504: {=IF(AND(J504=INDIRECT("'["&G504&"]"&E504&"'!"&$Y$2),G504=INDIRECT("'["&G504&"]"&E504&"'!"&$AH$2)),INDIRECT("'["&G504&"]"&E504&"'!"&$Y$3),0)} -> #VALUE! | N504: {=IF(AND(G504=INDIRECT("'["&G504&"]"&E504&"'!"&$AH$2),OR(K504=INDIRECT("'["&G504&"]"&E504&"'!"&$Z$2))),INDIRECT("'["&G504&"]"&E504&"'!"&$Z$3),0)} -> #VALUE! | O504: {=IF(AND(G504=INDIRECT("'["&G504&"]"&E504&"'!"&$AH$2),OR(L504=INDIRECT("'["&G504&"]"&E504&"'!"&$AA$2))),INDIRECT("'["&G504&"]"&E504&"'!"&$AA$3),0)} -> #VALUE! | P504: {=IF(AND(G504=INDIRECT("'["&G504&"]"&E504&"'!"&$AH$2),OR(VALUE(I504)=INDIRECT("'["&G504&"]"&E504&"'!"&$AB$2))),INDIRECT("'["&G504&"]"&E504&"'!"&$AB$3),0)} -> #VALUE! | Q504: {=IF(AND(G504=INDIRECT("'["&G504&"]"&E504&"'!"&$AH$2),OR(VALUE(I504)=INDIRECT("'["&G504&"]"&E504&"'!"&$AC$2))),INDIRECT("'["&G504&"]"&E504&"'!"&$AC$3),0)} -> #VALUE! | R504: {=IF(AND(G504=INDIRECT("'["&G504&"]"&E504&"'!"&$AH$2),OR(I504=INDIRECT("'["&G504&"]"&E504&"'!"&$AD$2))),INDIRECT("'["&G504&"]"&E504&"'!"&$AD$3),0)} -> #VALUE! | S504: {=IF(AND(G504=INDIRECT("'["&G504&"]"&E504&"'!"&$AH$2),OR(I504=INDIRECT("'["&G504&"]"&E504&"'!"&$AE$2))),INDIRECT("'["&G504&"]"&E504&"'!"&$AE$3),0)} -> #VALUE! | T504: {=IF(AND(G504=INDIRECT("'["&G504&"]"&E504&"'!"&$AH$2),OR(I504=INDIRECT("'["&G504&"]"&E504&"'!"&$AF$2))),INDIRECT("'["&G504&"]"&E504&"'!"&$AF$3),0)} -> #VALUE! | U504: {=IF(AND(G504=INDIRECT("'["&G504&"]"&E504&"'!"&$AH$2),OR(I504=INDIRECT("'["&G504&"]"&E504&"'!"&$AG$2))),INDIRECT("'["&G504&"]"&E504&"'!"&$AG$3),0)} -> #VALUE! | V504: =MID(B504,7,9) | W504: {=IF(AND(G504=INDIRECT("'["&G504&"]"&E504&"'!"&$AH$2),OR(V504=INDIRECT("'["&G504&"]"&E504&"'!"&$AI$2))),INDIRECT("'["&G504&"]"&E504&"'!"&$AI$3),0)} -> #VALUE! | AJ504: 1 | AK504: =(C504*AJ504%) -> 0 | AL504: =C504-AK504 -> 0 | AM504: =IF(A504<>"",IF(AM504="",NOW(),AM504),"") | AN504: =IF(VALUE(N504),"/","") -> #VALUE! | AO504: =IF(VALUE(O504),"/","") -> #VALUE! | AQ504: =IF(AND(C504<>0, C505=0), SUM($C$2:C504)-SUM($AQ$1:AQ503), "") | AR504: =IF(AND(AK504<>0, AK505=0), SUM($AK$2:AK504)-SUM($AR$1:AR503), "")
B505: =LEFT(A505,15) | C505: {=SUM(IF(ISNUMBER(M505:U505),M505:U505,""))} -> 0 | D505: =MID(A505,4,2) | E505: =IF(ISEVEN(D505),D505-1,VALUE(D505)) -> #VALUE! | F505: =LEFT(A505,2) | G505: =CONCATENATE(F505,".xlsx") -> .xlsx | H505: {=IF(AND(VALUE(E505)=INDIRECT("'["&G505&"]"&E505&"'!"&$X$2),G505=INDIRECT("'["&G505&"]"&E505&"'!"&$X$3)),INDIRECT("'["&G505&"]"&E505&"'!"&$X$1),0)} -> #VALUE! | I505: =MID(A505,10,6) | J505: =RIGHT(I505,2) | K505: =LEFT(I505,3) | L505: =RIGHT(I505,3) | M505: {=IF(AND(J505=INDIRECT("'["&G505&"]"&E505&"'!"&$Y$2),G505=INDIRECT("'["&G505&"]"&E505&"'!"&$AH$2)),INDIRECT("'["&G505&"]"&E505&"'!"&$Y$3),0)} -> #VALUE! | N505: {=IF(AND(G505=INDIRECT("'["&G505&"]"&E505&"'!"&$AH$2),OR(K505=INDIRECT("'["&G505&"]"&E505&"'!"&$Z$2))),INDIRECT("'["&G505&"]"&E505&"'!"&$Z$3),0)} -> #VALUE! | O505: {=IF(AND(G505=INDIRECT("'["&G505&"]"&E505&"'!"&$AH$2),OR(L505=INDIRECT("'["&G505&"]"&E505&"'!"&$AA$2))),INDIRECT("'["&G505&"]"&E505&"'!"&$AA$3),0)} -> #VALUE! | P505: {=IF(AND(G505=INDIRECT("'["&G505&"]"&E505&"'!"&$AH$2),OR(VALUE(I505)=INDIRECT("'["&G505&"]"&E505&"'!"&$AB$2))),INDIRECT("'["&G505&"]"&E505&"'!"&$AB$3),0)} -> #VALUE! | Q505: {=IF(AND(G505=INDIRECT("'["&G505&"]"&E505&"'!"&$AH$2),OR(VALUE(I505)=INDIRECT("'["&G505&"]"&E505&"'!"&$AC$2))),INDIRECT("'["&G505&"]"&E505&"'!"&$AC$3),0)} -> #VALUE! | R505: {=IF(AND(G505=INDIRECT("'["&G505&"]"&E505&"'!"&$AH$2),OR(I505=INDIRECT("'["&G505&"]"&E505&"'!"&$AD$2))),INDIRECT("'["&G505&"]"&E505&"'!"&$AD$3),0)} -> #VALUE! | S505: {=IF(AND(G505=INDIRECT("'["&G505&"]"&E505&"'!"&$AH$2),OR(I505=INDIRECT("'["&G505&"]"&E505&"'!"&$AE$2))),INDIRECT("'["&G505&"]"&E505&"'!"&$AE$3),0)} -> #VALUE! | T505: {=IF(AND(G505=INDIRECT("'["&G505&"]"&E505&"'!"&$AH$2),OR(I505=INDIRECT("'["&G505&"]"&E505&"'!"&$AF$2))),INDIRECT("'["&G505&"]"&E505&"'!"&$AF$3),0)} -> #VALUE! | U505: {=IF(AND(G505=INDIRECT("'["&G505&"]"&E505&"'!"&$AH$2),OR(I505=INDIRECT("'["&G505&"]"&E505&"'!"&$AG$2))),INDIRECT("'["&G505&"]"&E505&"'!"&$AG$3),0)} -> #VALUE! | V505: =MID(B505,7,9) | W505: {=IF(AND(G505=INDIRECT("'["&G505&"]"&E505&"'!"&$AH$2),OR(V505=INDIRECT("'["&G505&"]"&E505&"'!"&$AI$2))),INDIRECT("'["&G505&"]"&E505&"'!"&$AI$3),0)} -> #VALUE! | AJ505: 1 | AK505: =(C505*AJ505%) -> 0 | AL505: =C505-AK505 -> 0 | AM505: =IF(A505<>"",IF(AM505="",NOW(),AM505),"") | AN505: =IF(VALUE(N505),"/","") -> #VALUE! | AO505: =IF(VALUE(O505),"/","") -> #VALUE! | AQ505: =IF(AND(C505<>0, C506=0), SUM($C$2:C505)-SUM($AQ$1:AQ504), "") | AR505: =IF(AND(AK505<>0, AK506=0), SUM($AK$2:AK505)-SUM($AR$1:AR504), "")
B506: =LEFT(A506,15) | C506: {=SUM(IF(ISNUMBER(M506:U506),M506:U506,""))} -> 0 | D506: =MID(A506,4,2) | E506: =IF(ISEVEN(D506),D506-1,VALUE(D506)) -> #VALUE! | F506: =LEFT(A506,2) | G506: =CONCATENATE(F506,".xlsx") -> .xlsx | H506: {=IF(AND(VALUE(E506)=INDIRECT("'["&G506&"]"&E506&"'!"&$X$2),G506=INDIRECT("'["&G506&"]"&E506&"'!"&$X$3)),INDIRECT("'["&G506&"]"&E506&"'!"&$X$1),0)} -> #VALUE! | I506: =MID(A506,10,6) | J506: =RIGHT(I506,2) | K506: =LEFT(I506,3) | L506: =RIGHT(I506,3) | M506: {=IF(AND(J506=INDIRECT("'["&G506&"]"&E506&"'!"&$Y$2),G506=INDIRECT("'["&G506&"]"&E506&"'!"&$AH$2)),INDIRECT("'["&G506&"]"&E506&"'!"&$Y$3),0)} -> #VALUE! | N506: {=IF(AND(G506=INDIRECT("'["&G506&"]"&E506&"'!"&$AH$2),OR(K506=INDIRECT("'["&G506&"]"&E506&"'!"&$Z$2))),INDIRECT("'["&G506&"]"&E506&"'!"&$Z$3),0)} -> #VALUE! | O506: {=IF(AND(G506=INDIRECT("'["&G506&"]"&E506&"'!"&$AH$2),OR(L506=INDIRECT("'["&G506&"]"&E506&"'!"&$AA$2))),INDIRECT("'["&G506&"]"&E506&"'!"&$AA$3),0)} -> #VALUE! | P506: {=IF(AND(G506=INDIRECT("'["&G506&"]"&E506&"'!"&$AH$2),OR(VALUE(I506)=INDIRECT("'["&G506&"]"&E506&"'!"&$AB$2))),INDIRECT("'["&G506&"]"&E506&"'!"&$AB$3),0)} -> #VALUE! | Q506: {=IF(AND(G506=INDIRECT("'["&G506&"]"&E506&"'!"&$AH$2),OR(VALUE(I506)=INDIRECT("'["&G506&"]"&E506&"'!"&$AC$2))),INDIRECT("'["&G506&"]"&E506&"'!"&$AC$3),0)} -> #VALUE! | R506: {=IF(AND(G506=INDIRECT("'["&G506&"]"&E506&"'!"&$AH$2),OR(I506=INDIRECT("'["&G506&"]"&E506&"'!"&$AD$2))),INDIRECT("'["&G506&"]"&E506&"'!"&$AD$3),0)} -> #VALUE! | S506: {=IF(AND(G506=INDIRECT("'["&G506&"]"&E506&"'!"&$AH$2),OR(I506=INDIRECT("'["&G506&"]"&E506&"'!"&$AE$2))),INDIRECT("'["&G506&"]"&E506&"'!"&$AE$3),0)} -> #VALUE! | T506: {=IF(AND(G506=INDIRECT("'["&G506&"]"&E506&"'!"&$AH$2),OR(I506=INDIRECT("'["&G506&"]"&E506&"'!"&$AF$2))),INDIRECT("'["&G506&"]"&E506&"'!"&$AF$3),0)} -> #VALUE! | U506: {=IF(AND(G506=INDIRECT("'["&G506&"]"&E506&"'!"&$AH$2),OR(I506=INDIRECT("'["&G506&"]"&E506&"'!"&$AG$2))),INDIRECT("'["&G506&"]"&E506&"'!"&$AG$3),0)} -> #VALUE! | V506: =MID(B506,7,9) | W506: {=IF(AND(G506=INDIRECT("'["&G506&"]"&E506&"'!"&$AH$2),OR(V506=INDIRECT("'["&G506&"]"&E506&"'!"&$AI$2))),INDIRECT("'["&G506&"]"&E506&"'!"&$AI$3),0)} -> #VALUE! | AJ506: 1 | AK506: =(C506*AJ506%) -> 0 | AL506: =C506-AK506 -> 0 | AM506: =IF(A506<>"",IF(AM506="",NOW(),AM506),"") | AN506: =IF(VALUE(N506),"/","") -> #VALUE! | AO506: =IF(VALUE(O506),"/","") -> #VALUE! | AQ506: =IF(AND(C506<>0, C507=0), SUM($C$2:C506)-SUM($AQ$1:AQ505), "") | AR506: =IF(AND(AK506<>0, AK507=0), SUM($AK$2:AK506)-SUM($AR$1:AR505), "")
B507: =LEFT(A507,15) | C507: {=SUM(IF(ISNUMBER(M507:U507),M507:U507,""))} -> 0 | D507: =MID(A507,4,2) | E507: =IF(ISEVEN(D507),D507-1,VALUE(D507)) -> #VALUE! | F507: =LEFT(A507,2) | G507: =CONCATENATE(F507,".xlsx") -> .xlsx | H507: {=IF(AND(VALUE(E507)=INDIRECT("'["&G507&"]"&E507&"'!"&$X$2),G507=INDIRECT("'["&G507&"]"&E507&"'!"&$X$3)),INDIRECT("'["&G507&"]"&E507&"'!"&$X$1),0)} -> #VALUE! | I507: =MID(A507,10,6) | J507: =RIGHT(I507,2) | K507: =LEFT(I507,3) | L507: =RIGHT(I507,3) | M507: {=IF(AND(J507=INDIRECT("'["&G507&"]"&E507&"'!"&$Y$2),G507=INDIRECT("'["&G507&"]"&E507&"'!"&$AH$2)),INDIRECT("'["&G507&"]"&E507&"'!"&$Y$3),0)} -> #VALUE! | N507: {=IF(AND(G507=INDIRECT("'["&G507&"]"&E507&"'!"&$AH$2),OR(K507=INDIRECT("'["&G507&"]"&E507&"'!"&$Z$2))),INDIRECT("'["&G507&"]"&E507&"'!"&$Z$3),0)} -> #VALUE! | O507: {=IF(AND(G507=INDIRECT("'["&G507&"]"&E507&"'!"&$AH$2),OR(L507=INDIRECT("'["&G507&"]"&E507&"'!"&$AA$2))),INDIRECT("'["&G507&"]"&E507&"'!"&$AA$3),0)} -> #VALUE! | P507: {=IF(AND(G507=INDIRECT("'["&G507&"]"&E507&"'!"&$AH$2),OR(VALUE(I507)=INDIRECT("'["&G507&"]"&E507&"'!"&$AB$2))),INDIRECT("'["&G507&"]"&E507&"'!"&$AB$3),0)} -> #VALUE! | Q507: {=IF(AND(G507=INDIRECT("'["&G507&"]"&E507&"'!"&$AH$2),OR(VALUE(I507)=INDIRECT("'["&G507&"]"&E507&"'!"&$AC$2))),INDIRECT("'["&G507&"]"&E507&"'!"&$AC$3),0)} -> #VALUE! | R507: {=IF(AND(G507=INDIRECT("'["&G507&"]"&E507&"'!"&$AH$2),OR(I507=INDIRECT("'["&G507&"]"&E507&"'!"&$AD$2))),INDIRECT("'["&G507&"]"&E507&"'!"&$AD$3),0)} -> #VALUE! | S507: {=IF(AND(G507=INDIRECT("'["&G507&"]"&E507&"'!"&$AH$2),OR(I507=INDIRECT("'["&G507&"]"&E507&"'!"&$AE$2))),INDIRECT("'["&G507&"]"&E507&"'!"&$AE$3),0)} -> #VALUE! | T507: {=IF(AND(G507=INDIRECT("'["&G507&"]"&E507&"'!"&$AH$2),OR(I507=INDIRECT("'["&G507&"]"&E507&"'!"&$AF$2))),INDIRECT("'["&G507&"]"&E507&"'!"&$AF$3),0)} -> #VALUE! | U507: {=IF(AND(G507=INDIRECT("'["&G507&"]"&E507&"'!"&$AH$2),OR(I507=INDIRECT("'["&G507&"]"&E507&"'!"&$AG$2))),INDIRECT("'["&G507&"]"&E507&"'!"&$AG$3),0)} -> #VALUE! | V507: =MID(B507,7,9) | W507: {=IF(AND(G507=INDIRECT("'["&G507&"]"&E507&"'!"&$AH$2),OR(V507=INDIRECT("'["&G507&"]"&E507&"'!"&$AI$2))),INDIRECT("'["&G507&"]"&E507&"'!"&$AI$3),0)} -> #VALUE! | AJ507: 1 | AK507: =(C507*AJ507%) -> 0 | AL507: =C507-AK507 -> 0 | AM507: =IF(A507<>"",IF(AM507="",NOW(),AM507),"") | AN507: =IF(VALUE(N507),"/","") -> #VALUE! | AO507: =IF(VALUE(O507),"/","") -> #VALUE! | AQ507: =IF(AND(C507<>0, C508=0), SUM($C$2:C507)-SUM($AQ$1:AQ506), "") | AR507: =IF(AND(AK507<>0, AK508=0), SUM($AK$2:AK507)-SUM($AR$1:AR506), "")
B508: =LEFT(A508,15) | C508: {=SUM(IF(ISNUMBER(M508:U508),M508:U508,""))} -> 0 | D508: =MID(A508,4,2) | E508: =IF(ISEVEN(D508),D508-1,VALUE(D508)) -> #VALUE! | F508: =LEFT(A508,2) | G508: =CONCATENATE(F508,".xlsx") -> .xlsx | H508: {=IF(AND(VALUE(E508)=INDIRECT("'["&G508&"]"&E508&"'!"&$X$2),G508=INDIRECT("'["&G508&"]"&E508&"'!"&$X$3)),INDIRECT("'["&G508&"]"&E508&"'!"&$X$1),0)} -> #VALUE! | I508: =MID(A508,10,6) | J508: =RIGHT(I508,2) | K508: =LEFT(I508,3) | L508: =RIGHT(I508,3) | M508: {=IF(AND(J508=INDIRECT("'["&G508&"]"&E508&"'!"&$Y$2),G508=INDIRECT("'["&G508&"]"&E508&"'!"&$AH$2)),INDIRECT("'["&G508&"]"&E508&"'!"&$Y$3),0)} -> #VALUE! | N508: {=IF(AND(G508=INDIRECT("'["&G508&"]"&E508&"'!"&$AH$2),OR(K508=INDIRECT("'["&G508&"]"&E508&"'!"&$Z$2))),INDIRECT("'["&G508&"]"&E508&"'!"&$Z$3),0)} -> #VALUE! | O508: {=IF(AND(G508=INDIRECT("'["&G508&"]"&E508&"'!"&$AH$2),OR(L508=INDIRECT("'["&G508&"]"&E508&"'!"&$AA$2))),INDIRECT("'["&G508&"]"&E508&"'!"&$AA$3),0)} -> #VALUE! | P508: {=IF(AND(G508=INDIRECT("'["&G508&"]"&E508&"'!"&$AH$2),OR(VALUE(I508)=INDIRECT("'["&G508&"]"&E508&"'!"&$AB$2))),INDIRECT("'["&G508&"]"&E508&"'!"&$AB$3),0)} -> #VALUE! | Q508: {=IF(AND(G508=INDIRECT("'["&G508&"]"&E508&"'!"&$AH$2),OR(VALUE(I508)=INDIRECT("'["&G508&"]"&E508&"'!"&$AC$2))),INDIRECT("'["&G508&"]"&E508&"'!"&$AC$3),0)} -> #VALUE! | R508: {=IF(AND(G508=INDIRECT("'["&G508&"]"&E508&"'!"&$AH$2),OR(I508=INDIRECT("'["&G508&"]"&E508&"'!"&$AD$2))),INDIRECT("'["&G508&"]"&E508&"'!"&$AD$3),0)} -> #VALUE! | S508: {=IF(AND(G508=INDIRECT("'["&G508&"]"&E508&"'!"&$AH$2),OR(I508=INDIRECT("'["&G508&"]"&E508&"'!"&$AE$2))),INDIRECT("'["&G508&"]"&E508&"'!"&$AE$3),0)} -> #VALUE! | T508: {=IF(AND(G508=INDIRECT("'["&G508&"]"&E508&"'!"&$AH$2),OR(I508=INDIRECT("'["&G508&"]"&E508&"'!"&$AF$2))),INDIRECT("'["&G508&"]"&E508&"'!"&$AF$3),0)} -> #VALUE! | U508: {=IF(AND(G508=INDIRECT("'["&G508&"]"&E508&"'!"&$AH$2),OR(I508=INDIRECT("'["&G508&"]"&E508&"'!"&$AG$2))),INDIRECT("'["&G508&"]"&E508&"'!"&$AG$3),0)} -> #VALUE! | V508: =MID(B508,7,9) | W508: {=IF(AND(G508=INDIRECT("'["&G508&"]"&E508&"'!"&$AH$2),OR(V508=INDIRECT("'["&G508&"]"&E508&"'!"&$AI$2))),INDIRECT("'["&G508&"]"&E508&"'!"&$AI$3),0)} -> #VALUE! | AJ508: 1 | AK508: =(C508*AJ508%) -> 0 | AL508: =C508-AK508 -> 0 | AM508: =IF(A508<>"",IF(AM508="",NOW(),AM508),"") | AN508: =IF(VALUE(N508),"/","") -> #VALUE! | AO508: =IF(VALUE(O508),"/","") -> #VALUE! | AQ508: =IF(AND(C508<>0, C509=0), SUM($C$2:C508)-SUM($AQ$1:AQ507), "") | AR508: =IF(AND(AK508<>0, AK509=0), SUM($AK$2:AK508)-SUM($AR$1:AR507), "")
B509: =LEFT(A509,15) | C509: {=SUM(IF(ISNUMBER(M509:U509),M509:U509,""))} -> 0 | D509: =MID(A509,4,2) | E509: =IF(ISEVEN(D509),D509-1,VALUE(D509)) -> #VALUE! | F509: =LEFT(A509,2) | G509: =CONCATENATE(F509,".xlsx") -> .xlsx | H509: {=IF(AND(VALUE(E509)=INDIRECT("'["&G509&"]"&E509&"'!"&$X$2),G509=INDIRECT("'["&G509&"]"&E509&"'!"&$X$3)),INDIRECT("'["&G509&"]"&E509&"'!"&$X$1),0)} -> #VALUE! | I509: =MID(A509,10,6) | J509: =RIGHT(I509,2) | K509: =LEFT(I509,3) | L509: =RIGHT(I509,3) | M509: {=IF(AND(J509=INDIRECT("'["&G509&"]"&E509&"'!"&$Y$2),G509=INDIRECT("'["&G509&"]"&E509&"'!"&$AH$2)),INDIRECT("'["&G509&"]"&E509&"'!"&$Y$3),0)} -> #VALUE! | N509: {=IF(AND(G509=INDIRECT("'["&G509&"]"&E509&"'!"&$AH$2),OR(K509=INDIRECT("'["&G509&"]"&E509&"'!"&$Z$2))),INDIRECT("'["&G509&"]"&E509&"'!"&$Z$3),0)} -> #VALUE! | O509: {=IF(AND(G509=INDIRECT("'["&G509&"]"&E509&"'!"&$AH$2),OR(L509=INDIRECT("'["&G509&"]"&E509&"'!"&$AA$2))),INDIRECT("'["&G509&"]"&E509&"'!"&$AA$3),0)} -> #VALUE! | P509: {=IF(AND(G509=INDIRECT("'["&G509&"]"&E509&"'!"&$AH$2),OR(VALUE(I509)=INDIRECT("'["&G509&"]"&E509&"'!"&$AB$2))),INDIRECT("'["&G509&"]"&E509&"'!"&$AB$3),0)} -> #VALUE! | Q509: {=IF(AND(G509=INDIRECT("'["&G509&"]"&E509&"'!"&$AH$2),OR(VALUE(I509)=INDIRECT("'["&G509&"]"&E509&"'!"&$AC$2))),INDIRECT("'["&G509&"]"&E509&"'!"&$AC$3),0)} -> #VALUE! | R509: {=IF(AND(G509=INDIRECT("'["&G509&"]"&E509&"'!"&$AH$2),OR(I509=INDIRECT("'["&G509&"]"&E509&"'!"&$AD$2))),INDIRECT("'["&G509&"]"&E509&"'!"&$AD$3),0)} -> #VALUE! | S509: {=IF(AND(G509=INDIRECT("'["&G509&"]"&E509&"'!"&$AH$2),OR(I509=INDIRECT("'["&G509&"]"&E509&"'!"&$AE$2))),INDIRECT("'["&G509&"]"&E509&"'!"&$AE$3),0)} -> #VALUE! | T509: {=IF(AND(G509=INDIRECT("'["&G509&"]"&E509&"'!"&$AH$2),OR(I509=INDIRECT("'["&G509&"]"&E509&"'!"&$AF$2))),INDIRECT("'["&G509&"]"&E509&"'!"&$AF$3),0)} -> #VALUE! | U509: {=IF(AND(G509=INDIRECT("'["&G509&"]"&E509&"'!"&$AH$2),OR(I509=INDIRECT("'["&G509&"]"&E509&"'!"&$AG$2))),INDIRECT("'["&G509&"]"&E509&"'!"&$AG$3),0)} -> #VALUE! | V509: =MID(B509,7,9) | W509: {=IF(AND(G509=INDIRECT("'["&G509&"]"&E509&"'!"&$AH$2),OR(V509=INDIRECT("'["&G509&"]"&E509&"'!"&$AI$2))),INDIRECT("'["&G509&"]"&E509&"'!"&$AI$3),0)} -> #VALUE! | AJ509: 1 | AK509: =(C509*AJ509%) -> 0 | AL509: =C509-AK509 -> 0 | AM509: =IF(A509<>"",IF(AM509="",NOW(),AM509),"") | AN509: =IF(VALUE(N509),"/","") -> #VALUE! | AO509: =IF(VALUE(O509),"/","") -> #VALUE! | AQ509: =IF(AND(C509<>0, C510=0), SUM($C$2:C509)-SUM($AQ$1:AQ508), "") | AR509: =IF(AND(AK509<>0, AK510=0), SUM($AK$2:AK509)-SUM($AR$1:AR508), "")
B510: =LEFT(A510,15) | C510: {=SUM(IF(ISNUMBER(M510:U510),M510:U510,""))} -> 0 | D510: =MID(A510,4,2) | E510: =IF(ISEVEN(D510),D510-1,VALUE(D510)) -> #VALUE! | F510: =LEFT(A510,2) | G510: =CONCATENATE(F510,".xlsx") -> .xlsx | H510: {=IF(AND(VALUE(E510)=INDIRECT("'["&G510&"]"&E510&"'!"&$X$2),G510=INDIRECT("'["&G510&"]"&E510&"'!"&$X$3)),INDIRECT("'["&G510&"]"&E510&"'!"&$X$1),0)} -> #VALUE! | I510: =MID(A510,10,6) | J510: =RIGHT(I510,2) | K510: =LEFT(I510,3) | L510: =RIGHT(I510,3) | M510: {=IF(AND(J510=INDIRECT("'["&G510&"]"&E510&"'!"&$Y$2),G510=INDIRECT("'["&G510&"]"&E510&"'!"&$AH$2)),INDIRECT("'["&G510&"]"&E510&"'!"&$Y$3),0)} -> #VALUE! | N510: {=IF(AND(G510=INDIRECT("'["&G510&"]"&E510&"'!"&$AH$2),OR(K510=INDIRECT("'["&G510&"]"&E510&"'!"&$Z$2))),INDIRECT("'["&G510&"]"&E510&"'!"&$Z$3),0)} -> #VALUE! | O510: {=IF(AND(G510=INDIRECT("'["&G510&"]"&E510&"'!"&$AH$2),OR(L510=INDIRECT("'["&G510&"]"&E510&"'!"&$AA$2))),INDIRECT("'["&G510&"]"&E510&"'!"&$AA$3),0)} -> #VALUE! | P510: {=IF(AND(G510=INDIRECT("'["&G510&"]"&E510&"'!"&$AH$2),OR(VALUE(I510)=INDIRECT("'["&G510&"]"&E510&"'!"&$AB$2))),INDIRECT("'["&G510&"]"&E510&"'!"&$AB$3),0)} -> #VALUE! | Q510: {=IF(AND(G510=INDIRECT("'["&G510&"]"&E510&"'!"&$AH$2),OR(VALUE(I510)=INDIRECT("'["&G510&"]"&E510&"'!"&$AC$2))),INDIRECT("'["&G510&"]"&E510&"'!"&$AC$3),0)} -> #VALUE! | R510: {=IF(AND(G510=INDIRECT("'["&G510&"]"&E510&"'!"&$AH$2),OR(I510=INDIRECT("'["&G510&"]"&E510&"'!"&$AD$2))),INDIRECT("'["&G510&"]"&E510&"'!"&$AD$3),0)} -> #VALUE! | S510: {=IF(AND(G510=INDIRECT("'["&G510&"]"&E510&"'!"&$AH$2),OR(I510=INDIRECT("'["&G510&"]"&E510&"'!"&$AE$2))),INDIRECT("'["&G510&"]"&E510&"'!"&$AE$3),0)} -> #VALUE! | T510: {=IF(AND(G510=INDIRECT("'["&G510&"]"&E510&"'!"&$AH$2),OR(I510=INDIRECT("'["&G510&"]"&E510&"'!"&$AF$2))),INDIRECT("'["&G510&"]"&E510&"'!"&$AF$3),0)} -> #VALUE! | U510: {=IF(AND(G510=INDIRECT("'["&G510&"]"&E510&"'!"&$AH$2),OR(I510=INDIRECT("'["&G510&"]"&E510&"'!"&$AG$2))),INDIRECT("'["&G510&"]"&E510&"'!"&$AG$3),0)} -> #VALUE! | V510: =MID(B510,7,9) | W510: {=IF(AND(G510=INDIRECT("'["&G510&"]"&E510&"'!"&$AH$2),OR(V510=INDIRECT("'["&G510&"]"&E510&"'!"&$AI$2))),INDIRECT("'["&G510&"]"&E510&"'!"&$AI$3),0)} -> #VALUE! | AJ510: 1 | AK510: =(C510*AJ510%) -> 0 | AL510: =C510-AK510 -> 0 | AM510: =IF(A510<>"",IF(AM510="",NOW(),AM510),"") | AN510: =IF(VALUE(N510),"/","") -> #VALUE! | AO510: =IF(VALUE(O510),"/","") -> #VALUE! | AQ510: =IF(AND(C510<>0, C511=0), SUM($C$2:C510)-SUM($AQ$1:AQ509), "") | AR510: =IF(AND(AK510<>0, AK511=0), SUM($AK$2:AK510)-SUM($AR$1:AR509), "")
